ID,subset,ladder,nfp,nc_per_hp,helicity,aspect_ratio,minor_radius,volume,mean_iota,iota_axis,iota_edge,iota_shear,mean_elongation,max_elongation,max_kappa,max_msc,min_coil2surface_dist,coil_dist_over_a,min_coil2coil_dist,qs_error,Nsurfaces,message
954,reference,True,2,1,0,6.6666133353,0.1500004,0.444132198,0.1,0.1026900247,0.0975229828,-0.005167041899999988,2.2762257751,3.8716531217,3.2945341895,1.7729745172,0.38502008,2.5667936885501637,0.0999546098,-2.0333190913,3,"TuRBO, global scan"
9914,reference,True,2,2,0,6.6666632267,0.1500000258,0.444132198,0.1,0.0930006603,0.1058916392,0.012890978900000002,3.9327460564,8.4049676431,5.0000017307,5.0000000587,0.2331477561,1.5543181066572858,0.116452969,-2.5758280194,3,"TuRBO, global scan"
19493,reference,True,2,3,0,3.3333328159,0.3000000155,1.7765287922,0.1,0.1210344812,0.0788759452,-0.042158535999999996,1.6427622068,1.9086728335,5.0000018748,5.0000002933,0.2639406966,0.8798022765435491,0.0999996934,-2.7061038442,6,"TuRBO, global scan"
19609,reference,True,2,3,0,6.6666666488,0.1500000001,0.444132198,0.1,0.1202219652,0.0774486613,-0.042773303900000004,1.9068119165,2.6657270621,4.999999872,4.3697427013,0.3394050188,2.2627001238248665,0.1203699274,-3.9185034877,3,"TuRBO, global scan"
19940,reference,True,2,3,0,4.0000000333,0.2499999993,1.2337005501,0.1,0.111695706,0.0851795722,-0.026516133800000008,3.1577997689,4.9563378892,5.0000005714,4.342015361,0.3417424657,1.3669698666275156,0.100000586,-3.7974468352,5,"TuRBO, global scan"
29346,reference,True,2,4,0,6.6666666074,0.1500000004,0.444132198,0.1,0.1122455242,0.0882414972,-0.024004026999999997,2.6985230074,4.1094952728,4.5956312288,5.0000000202,0.3239376069,2.1595840402411093,0.1000218737,-4.3885098116,3,"TuRBO, global scan"
50136,reference,True,3,2,0,6.6666674797,0.1499999939,0.444132198,0.1,0.1014402508,0.0866076115,-0.014832639300000006,2.2354550184,3.1648524855,5.000001599,5.0000006934,0.2163446578,1.4422977773201098,0.1003087394,-2.8453006431,3,"TuRBO, global scan"
65579,reference,True,4,1,0,4.9999835462,0.2000002194,0.7895683521,0.1,0.1127660487,0.08931234,-0.023453708699999992,1.4956084121,1.8337465904,5.0000193443,5.0000665512,0.2062421825,1.03120978126287,0.0999816198,-1.593143654,4,"TuRBO, global scan"
112718,reference,True,1,4,0,3.9999997934,0.2500000043,1.2337005501,0.1,0.1113599407,0.0771685922,-0.03419134850000001,2.1962863375,3.1179282323,4.9994834277,4.1423881036,0.3301263984,1.3205055708873041,0.0999999017,-2.8963713232,5,"Naive, global scan"
165868,reference,True,1,12,0,5.0000000015,0.2,0.7895683521,0.1,0.1141592574,0.0833315194,-0.030827738000000007,3.0276759667,4.6904823649,4.3669921872,4.9999963325,0.2163906971,1.0819534855,0.0999996454,-3.462448748,4,"Naive, global scan"
167381,reference,True,1,13,0,3.9999999978,0.25,1.2337005501,0.1,0.1045299451,0.095518955,-0.009010990099999991,3.69845392,5.8583261244,4.8705545058,4.9999994373,0.2080556743,0.8322226972,0.1000000194,-3.2826277314,5,"Naive, global scan"
336902,reference,True,1,9,0,2.8571428631,0.3499999998,2.4180530783,0.1,0.113749652,0.0826287391,-0.031120912900000006,2.347789017,3.318332619,3.6475759383,4.5056437019,0.2338267055,0.6680763018103293,0.1323408189,-2.7896831559,7,"Naive, global scan"
10614,main,False,2,2,0,6.6666671415,0.1499999964,0.444132198,0.1,0.1104246999,0.0901744524,-0.020250247500000013,1.6230272426,1.9096448136,4.8806199558,5.0000014234,0.4982051042,3.321367441046152,0.0999999814,-3.7731853196,3,"TuRBO, global scan"
14802,main,False,2,2,0,4.0000000119,0.2499999998,1.2337005501,0.5,0.5040262318,0.4940564298,-0.009969801999999972,3.6470964708,5.767953251,4.2794738222,5.000000528,0.3022857166,1.2091428673673141,0.0999998307,-2.9276406489,5,"TuRBO, global scan"
15626,main,False,2,2,0,6.6671751958,0.1499961862,0.444132198,0.6,0.6288982898,0.5713761899,-0.0575220998999999,2.5106573194,2.9842298407,3.4201460703,3.1944591373,0.1875262653,1.2502068889268867,0.0999723369,-1.7290234752,3,"TuRBO, global scan"
17263,main,False,2,2,0,10.000072344,0.0999997589,0.197392088,0.8,0.8188044935,0.7765257676,-0.042278725899999925,3.4242684934,4.8202050961,4.7759752782,5.0000299452,0.2053480631,2.0534855819537383,0.0999861562,-2.0357046951,2,"TuRBO, global scan"
23786,main,False,2,3,0,20.0000659586,0.0499998429,0.0493477196,0.5,0.4995762147,0.4999939514,0.0004177367000000043,3.812150238,6.6657084641,4.7292353562,4.9999958292,0.3247094244,6.494208892804341,0.0999988406,-3.5374962995,1,"TuRBO, global scan"
25455,main,False,2,3,0,5.0000002611,0.1999999965,0.7895683521,0.6,0.6007758655,0.5986119281,-0.0021639373999999822,4.494277995,7.0640069801,4.3284358172,5.000000921,0.3822652352,1.9113262094482086,0.1000098514,-3.9405918223,4,"TuRBO, global scan"
33258,main,False,2,4,0,10.0002629035,0.0999991237,0.197392088,0.7,0.7162904462,0.6912279325,-0.02506251370000001,2.743140055,3.6494865178,3.6995938266,4.9994600951,0.0999917564,0.9999263263543979,0.1000048089,-1.9799891705,2,"TuRBO, global scan"
40531,main,False,3,1,0,9.9998883897,0.100000372,0.197392088,0.1,0.0989861477,0.1005867326,0.0016005849000000072,2.1331100811,3.1511988513,3.56124574,3.9389972056,0.3059689254,3.059677871998316,0.0999947382,-1.9306690287,2,"TuRBO, global scan"
41273,main,False,3,1,0,10.0000006859,0.0999999977,0.197392088,0.1,0.1253235887,0.084259542,-0.04106404669999998,1.5340481061,1.7990176989,4.2135228972,5.000000708,0.3161410869,3.1614109417124516,0.0999991749,-3.1075760114,2,"TuRBO, global scan"
41465,main,False,3,1,0,3.9987529935,0.2500259847,1.2337005501,0.2,0.2585202385,0.1534473404,-0.1050728981,2.1135735644,2.8335356063,5.0006694155,5.0003612881,0.2158013951,0.8631158691722973,0.0999887325,-1.1442583457,5,"TuRBO, global scan"
69266,main,False,4,1,0,10.0000183494,0.0999999388,0.197392088,0.4,0.4274170616,0.3587734103,-0.0686436513,2.6961202529,4.0552677911,5.0000401243,5.000005045,0.2054640627,2.0546418844408336,0.0999976922,-2.3753770213,2,"TuRBO, global scan"
105337,main,False,1,3,0,9.9999996773,0.1000000011,0.197392088,0.3,0.293366936,0.3041359817,0.01076904569999998,4.7107315892,9.9173229369,4.7280585155,4.9996936235,0.3371317768,3.371317730915505,0.0999999879,-3.194858325,2,"Naive, global scan"
108654,main,False,1,3,0,19.999999652,0.0500000003,0.049348022,0.6,0.4004423324,0.5999932746,0.19955094219999997,5.3464335793,9.4947698376,4.3975761172,5.0000008245,0.3602328642,7.204657240772057,0.0999997404,-3.7153662015,1,"Naive, global scan"
114543,main,False,1,4,0,6.666666102,0.1500000042,0.444132198,0.3,0.2990749305,0.3006008855,0.0015259550000000233,2.4843145405,3.6172988261,4.9574250583,5.0000003136,0.3171123228,2.114082092805701,0.0999998399,-3.0087997986,3,"Naive, global scan"
122488,main,True,1,5,0,6.6666668999,0.1499999983,0.444132198,0.1,0.1095688731,0.0906044644,-0.018964408700000004,2.2870268095,3.1448249103,4.2105324228,2.5508696613,0.4263487407,2.8423249702130167,0.0999998664,-3.92958461,3,"Naive, global scan"
123187,main,False,1,5,0,10.0000722368,0.0999992593,0.1973891279,0.2,0.2029188262,0.1982941776,-0.004624648600000003,2.19843915,3.315360959,4.999211608,4.9998254524,0.3129131833,3.129155010651164,0.0999935868,-3.4784312174,2,"Naive, global scan"
123354,main,False,1,5,0,20.0004214859,0.0499989573,0.0493459748,0.2,0.2025406804,0.1999989663,-0.0025417141000000087,1.9309864744,2.3208570614,3.841239768,4.5261775306,0.1278034576,2.556122457377726,0.099997323,-3.5879826573,1,"Naive, global scan"
123355,main,False,1,5,0,9.9999998547,0.1000000005,0.197392088,0.2,0.2000223155,0.1999292585,-9.305699999997974e-05,2.682424414,4.3998305392,4.4203189745,5.0000001628,0.1053655497,1.0536554917317225,0.1005560774,-3.9394355637,2,"Naive, global scan"
125519,main,False,1,5,0,6.6666669013,0.1499999982,0.444132198,0.4,0.4021334881,0.3978467727,-0.004286715399999974,3.0057552605,4.5166419391,4.1339937383,3.1674563934,0.3501282498,2.3341883600102604,0.0999992082,-3.4128353807,3,"Naive, global scan"
126505,main,False,1,5,0,10.0000965622,0.0999990534,0.1973883888,0.5,0.4985508357,0.5011559738,0.002605138100000015,3.7382890915,5.7688075028,4.3267109948,4.0595170565,0.3411803357,3.4118356534362957,0.0999971436,-3.4094795171,2,"Naive, global scan"
127598,main,False,1,5,0,6.6666666755,0.1499999999,0.444132198,0.6,0.399862634,0.5996177402,0.19975510620000003,4.5756167348,7.4513449929,4.2751166883,4.9999241842,0.3344836957,2.2298913061532613,0.099999636,-3.8530318861,3,"Naive, global scan"
131780,main,False,1,6,0,3.3333332885,0.3000000013,1.7765287922,0.1,0.1094769161,0.0892775676,-0.020199348500000006,3.3325317521,5.2627452437,4.8906822621,4.8936840698,0.2336737923,0.7789126376247119,0.0999994485,-3.5609820149,6,"Naive, global scan"
133413,main,False,1,6,0,19.9999999459,0.05,0.049348022,0.3,0.3005474208,0.2999999984,-0.0005474223999999972,2.3884138457,3.4377358689,4.7844839083,5.0000002733,0.322241192,6.44482384,0.1000000157,-4.422463569,1,"Naive, global scan"
133477,main,False,1,6,0,10.0000000331,0.0999999999,0.197392088,0.3,0.3015081469,0.2991179242,-0.0023902227,2.614462989,3.9740659813,4.999971575,4.9999998832,0.3291996646,3.2919966492919968,0.1000003032,-3.9195528104,2,"Naive, global scan"
133813,main,False,1,6,0,9.9999998862,0.1000000004,0.197392088,0.3,0.2983652412,0.3009203012,0.002555059999999998,3.0208469879,5.2629034448,4.8828517995,4.29767102,0.3408999935,3.4089999213640003,0.0999998563,-4.2529777466,2,"Naive, global scan"
134699,main,False,1,6,0,3.3333338642,0.2999999841,1.7765287922,0.4,0.4063867251,0.391096189,-0.01529053610000003,3.0027523954,4.502144379,4.9963892904,4.9999983621,0.2511595938,0.8371986903715306,0.1043558435,-2.9069734148,6,"Naive, global scan"
134722,main,False,1,6,0,20.0003084379,0.0499992293,0.049346501,0.4,0.4018279337,0.3999996927,-0.0018282409999999527,2.8359418658,3.8345946349,4.5980545857,4.3376326617,0.3940505658,7.881132795780913,0.0999991722,-3.7156036346,1,"Naive, global scan"
134884,main,False,1,6,0,9.9999999586,0.1000000001,0.197392088,0.4,0.402013009,0.3987570009,-0.003256008099999985,2.9695916452,4.4009906768,4.6678003464,4.699927967,0.3009459409,3.0094594059905404,0.1000012612,-4.5100840278,2,"Naive, global scan"
135181,main,False,1,6,0,4.0000000539,0.2499999989,1.2337005501,0.4,0.4070106594,0.3914819445,-0.015528714899999962,3.0459828465,4.6264761484,4.7758544728,3.4252751871,0.295499528,1.1819981172007918,0.1000131214,-3.8141079235,5,"Naive, global scan"
136030,main,False,1,6,0,2.8571428419,0.3500000006,2.4180530783,0.5,0.4917422514,0.489154548,-0.0025877033999999743,4.0293228135,5.3761465341,4.9998841117,4.1766057299,0.2723156505,0.7780447143804947,0.099999966,-3.1069689673,7,"Naive, global scan"
136101,main,False,1,6,0,20.0000817754,0.0499997955,0.0493476181,0.5,0.4987052735,0.5000000131,0.0012947395999999833,3.5911897708,5.2042981451,4.918381986,4.0550129589,0.3752879187,7.505789072677308,0.099997756,-3.5174365925,1,"Naive, global scan"
137369,main,False,1,6,0,9.9999999534,0.1000000002,0.197392088,0.6,0.3999649638,0.5998726857,0.19990772189999995,4.4248878497,6.8819047452,3.9515692808,3.6762397058,0.3649328533,3.6493285257013435,0.0999999763,-4.4310284204,2,"Naive, global scan"
142124,main,False,1,7,0,5.0000000603,0.1999999992,0.7895683521,0.2,0.207940599,0.1915285516,-0.01641204739999999,2.4542553853,3.8625824798,4.8718881005,4.2377179861,0.3181402205,1.5907011088628045,0.0999996707,-4.1050380138,4,"Naive, global scan"
142451,main,False,1,7,0,10.0000001144,0.0999999996,0.197392088,0.2,0.2023929141,0.1985722168,-0.003820697299999981,2.3466236195,3.5477742735,4.2157347225,4.1128672066,0.1239255717,1.2392557219570228,0.1000011348,-4.3758159544,2,"Naive, global scan"
142814,main,False,1,7,0,20.0000000051,0.05,0.049348022,0.3,0.3013862984,0.3000000047,-0.0013862936999999853,2.2882894798,2.9503156658,4.3623062867,4.999999591,0.3328970906,6.657941812,0.0999999324,-4.5578301271,1,"Naive, global scan"
143276,main,False,1,7,0,19.9999999342,0.0500000001,0.049348022,0.3,0.301425919,0.2999999854,-0.0014259335999999845,2.2567068765,2.8049692073,3.7135621831,3.6057718674,0.3212354233,6.424708453150584,0.1000004519,-4.721904322,1,"Naive, global scan"
143907,main,False,1,7,0,9.9999999711,0.1000000001,0.197392088,0.4,0.4020539762,0.3987242412,-0.0033297350000000003,2.9216614875,4.2018994423,4.9881652123,5.0000000691,0.2946631949,2.9466319460533676,0.1000521585,-4.3903993453,2,"Naive, global scan"
145866,main,False,1,7,0,20.0011945217,0.049997013,0.0493421253,0.6,0.4002101846,0.5999998103,0.19978962570000003,4.4871276165,6.4297660668,3.6322320281,4.0609398548,0.3628617468,7.257668509116734,0.1000247736,-3.5335925321,1,"Naive, global scan"
146966,main,True,1,7,0,9.9999934107,0.100000022,0.197392088,0.7,0.296094551,0.6975923866,0.4014978356,5.9480387858,8.9846797863,3.1343800857,2.6144979713,0.3503377062,3.503376291257216,0.0999991315,-3.3330411011,2,"Naive, global scan"
151153,main,False,1,8,0,6.6666667219,0.1499999996,0.444132198,0.3,0.3043327825,0.2959722919,-0.008360490599999992,2.5701586017,3.827362529,4.8441354436,4.2332850769,0.3227041977,2.1513613237369635,0.1000014779,-4.2778542903,3,"Naive, global scan"
152839,main,False,1,8,0,9.9999999961,0.1,0.197392088,0.6,0.3999161966,0.5994703427,0.1995541461,4.3465488428,6.26811772,4.7638410648,5.0000002947,0.2816892586,2.816892586,0.1180551711,-3.8529004754,2,"Naive, global scan"
152853,main,False,1,8,0,9.9999997759,0.1000000007,0.197392088,0.6,0.4004403826,0.5992959489,0.19885556630000006,4.2128122984,5.4703723499,4.49697759,5.0000001526,0.3029467528,3.029467506793728,0.0999996189,-3.7793163165,2,"Naive, global scan"
153351,main,False,1,8,0,6.6666761619,0.1499999288,0.444132198,0.6,0.4001956487,0.5997025111,0.19950686239999993,4.4532539874,6.7563308877,3.3845849325,3.5764520424,0.1084641923,0.723094958562407,0.0999999506,-3.8482372669,3,"Naive, global scan"
155905,main,False,1,9,0,9.999999924,0.1000000003,0.197392088,0.1,0.1090459054,0.0942932023,-0.0147527031,2.0119372413,2.8203393199,4.9676525895,4.9999999963,0.3087587636,3.087587626737237,0.1000361956,-4.4892838244,2,"Naive, global scan"
156664,main,False,1,9,0,4.0000000014,0.25,1.2337005501,0.2,0.209970717,0.188272719,-0.021697997999999996,2.5199474437,3.9993796314,4.7822838566,4.9999988509,0.2055958175,0.82238327,0.1000098052,-4.0510874097,5,"Naive, global scan"
157305,main,False,1,9,0,10.0000000039,0.1,0.197392088,0.4,0.4014862067,0.3989504431,-0.0025357636000000183,3.0440899379,4.6217555512,4.7323421819,5.0000000471,0.3013637275,3.013637275,0.1000000882,-4.1463439318,2,"Naive, global scan"
157934,main,False,1,9,0,20.0001312389,0.0499996689,0.0493473654,0.5,0.4991491519,0.500000885,0.0008517330999999739,3.6378969507,5.2713984872,4.9503624416,5.0000011501,0.1309821145,2.6196596373861185,0.1000087775,-3.5584787722,1,"Naive, global scan"
161591,main,False,1,10,0,5.0000000058,0.1999999999,0.7895683521,0.4,0.4056374177,0.3942693843,-0.011368033399999977,3.0247063464,4.5569991807,4.9987252202,5.0000000847,0.2555569757,1.2777848791388926,0.1000030312,-4.0363952508,4,"Naive, global scan"
161673,main,False,1,10,0,10.0000000402,0.0999999999,0.197392088,0.4,0.4025455833,0.3984285633,-0.004117020000000027,2.9569056519,4.1830129476,4.2948976133,4.6107644933,0.1231986809,1.2319868102319869,0.100246364,-4.632766672,2,"Naive, global scan"
162626,main,False,1,10,0,6.6666666679,0.15,0.444132198,0.7,0.3011652566,0.699892893,0.39872763640000003,5.8500200127,8.9978309204,4.2965328429,5.0000001307,0.2623675778,1.7491171853333332,0.1000000808,-3.4071426357,3,"Naive, global scan"
164332,main,False,1,11,0,20.0000000171,0.05,0.049348022,0.3,0.3017255665,0.2999999935,-0.0017255729999999803,2.3384286072,3.0638666277,4.9973196003,4.9999981257,0.1128815276,2.2576305519999997,0.0999999089,-4.6368157996,1,"Naive, global scan"
164339,main,False,1,11,0,19.9999999963,0.05,0.049348022,0.3,0.3000495122,0.3000001139,-4.9398300000003115e-05,2.5444648629,4.1175981634,4.7846578838,4.9999978561,0.1484391567,2.9687831339999997,0.1000543221,-4.2329405254,1,"Naive, global scan"
164340,main,False,1,11,0,10.0000000074,0.1,0.197392088,0.3,0.3017258408,0.2989657419,-0.002760098899999952,2.6521950509,4.147488575,4.468895639,4.9999762772,0.1070426563,1.0704265629999998,0.0999999466,-4.2628558795,2,"Naive, global scan"
164563,main,False,1,11,0,20.0000424476,0.0499998911,0.0493478042,0.4,0.4019114117,0.3999992066,-0.0019122051000000084,2.9385706437,4.1794091682,4.9264099435,5.0000021917,0.1165247065,2.3304992058272704,0.1000049263,-3.7264957577,1,"Naive, global scan"
164585,main,False,1,11,0,9.9999999958,0.1,0.197392088,0.4,0.4026011606,0.3985562311,-0.004044929500000016,2.9610094403,4.2934526779,4.7282317169,4.5475437704,0.1319762361,1.319762361,0.1000070813,-4.6194599541,2,"Naive, global scan"
164894,main,False,1,11,0,6.6666553201,0.1500000851,0.444132198,0.5,0.4988931978,0.4986890185,-0.00020417929999999584,3.4342773554,4.4898481095,5.0002113108,5.0000623039,0.2423028643,1.6153515122239086,0.0999977653,-2.8276350049,3,"Naive, global scan"
166034,main,False,1,12,0,10.0000000166,0.0999999999,0.197392088,0.2,0.2026798933,0.1984817749,-0.004198118400000006,2.4669861339,3.8608339231,4.2812650883,4.9999999502,0.253987223,2.539872232539872,0.099999939,-4.4383696178,2,"Naive, global scan"
166370,main,False,1,12,0,10.0000000088,0.1,0.197392088,0.4,0.4022498968,0.3986770336,-0.0035728631999999982,2.9462162763,4.2899977421,4.8779668447,4.9999999969,0.1002669534,1.0026695339999998,0.100001908,-4.199035214,2,"Naive, global scan"
166693,main,False,1,12,0,6.6667849759,0.1499973369,0.444116424,0.6,0.4016242966,0.5997593177,0.19813502110000003,4.252328872,5.7993800468,3.6904344514,4.440273074,0.1026323269,0.6842276604445502,0.1000047606,-3.389843905,3,"Naive, global scan"
167469,main,False,1,13,0,9.9999999767,0.1000000001,0.197392088,0.3,0.3030790327,0.298277364,-0.004801668699999984,2.5526163364,3.7337337194,4.7588714383,4.9999999362,0.2542923758,2.5429237554570765,0.1000085468,-4.3831611294,2,"Naive, global scan"
179770,main,False,2,2,0,4.9999727258,0.2000003637,0.7895683521,0.3,0.3021946887,0.2959567995,-0.006237889200000013,2.2830449397,2.9983831599,4.533946705,5.0000024119,0.2506448065,1.2532217535162413,0.1137558395,-2.1171528647,4,"Naive, global scan"
180952,main,False,2,2,0,6.6669957971,0.1499924551,0.4440871062,0.4,0.400296997,0.3995219738,-0.0007750232000000024,2.7191695028,3.4462706598,4.1599080865,5.0000012066,0.330658209,2.2044989448272587,0.0999985431,-2.5672811014,3,"Naive, global scan"
181420,main,False,2,2,0,10.0000931208,0.0999990547,0.1973883281,0.4,0.4006284806,0.3995943098,-0.0010341708000000116,3.3256840466,5.7826541004,4.3594695726,2.7188977382,0.3823919568,3.8239557158533817,0.099995587,-3.4147540735,2,"Naive, global scan"
182436,main,False,2,2,0,6.6668034262,0.1499969157,0.4441139122,0.5,0.500384065,0.4992266127,-0.0011574522999999726,3.6688775152,5.8235615196,4.5591016646,4.6251414436,0.370561646,2.470461770968268,0.0999953534,-3.2164001697,3,"Naive, global scan"
184835,main,False,2,2,0,20.0000000372,0.05,0.049348022,0.7,0.7012837529,0.7000000362,-0.0012837167000000482,6.275565289,10.508620099,4.1442505607,4.1297201252,0.3865383711,7.7307674219999996,0.1011050024,-4.5099544054,1,"Naive, global scan"
188757,main,False,2,3,0,6.6666668014,0.149999999,0.444132198,0.2,0.2075034992,0.1931473682,-0.014356130999999994,2.07266643,2.8416232008,3.8967066718,2.8756003692,0.4621507726,3.081005171206701,0.1000004807,-3.9531156052,3,"Naive, global scan"
189925,main,False,2,3,0,10.0000000171,0.0999999999,0.197392088,0.3,0.3019452835,0.2988412439,-0.003104039599999997,2.5992443063,4.0078256547,3.177983799,2.7389844272,0.3397845071,3.3978450743978454,0.0999999992,-4.6515485491,2,"Naive, global scan"
190862,main,False,2,3,0,20.0000197422,0.0499999509,0.0493479252,0.4,0.4013793126,0.4000000276,-0.0013792850000000079,2.7945831361,3.942044168,3.7013737068,2.6921629855,0.3574212813,7.148432645760859,0.0999997901,-4.48238198,1,"Naive, global scan"
193299,main,False,2,3,0,9.9999999872,0.1,0.197392088,0.6,0.6010538563,0.5991113829,-0.0019424733999999777,4.4135882166,6.5747954061,3.4770928284,3.0311823747,0.3460614047,3.460614047,0.0999999503,-4.2478061358,2,"Naive, global scan"
205887,main,False,2,5,0,5.0000000191,0.1999999997,0.7895683521,0.8,0.8080763268,0.7983828006,-0.009693526199999969,7.8061963159,11.305039326,4.9779598041,5.0000012781,0.2337910499,1.168955251253433,0.0999966104,-3.0020367377,4,"Naive, global scan"
205948,main,False,2,5,0,10.0004432963,0.0999955671,0.1973745878,0.8,0.7987639933,0.8001725485,0.001408555199999939,8.095402352,12.1179329402,4.5826123741,5.0000008857,0.3047959505,3.0480946239865867,0.1000001077,-3.9445957877,2,"Naive, global scan"
219699,main,False,3,2,0,4.0000037674,0.2499999215,1.2337005501,0.2,0.2842628528,0.1192204139,-0.16504243890000003,2.2590792706,3.1810314559,5.0000029002,5.0000005676,0.17986912,0.7194767059156856,0.099999087,-2.610011149,5,"Naive, global scan"
220705,main,False,3,2,0,6.6666678967,0.1499999908,0.444132198,0.3,0.3356890066,0.2576948111,-0.07799419550000003,2.3649100823,3.403948879,4.9679786838,5.0000009465,0.2131167861,1.420778661141091,0.0999995935,-3.0251673797,3,"Naive, global scan"
221118,main,False,3,2,0,6.666683329,0.149999875,0.444132198,0.4,0.4288159788,0.3496864586,-0.07912952019999997,2.5264891176,3.5823213594,4.8107039181,5.0000348324,0.1767589888,1.178394240661867,0.0999950076,-2.4446624343,3,"Naive, global scan"
232513,main,False,3,4,0,10.0000002237,0.0999999993,0.197392088,0.5,0.5433634906,0.4739333237,-0.06943016689999998,2.7046106442,3.2514103706,4.6766284758,5.0000013557,0.1221750225,1.2217502335522514,0.099999036,-3.4045292201,2,"Naive, global scan"
234994,main,False,4,1,0,4.0001193328,0.2499975139,1.2337005501,0.2,0.4006457975,0.1177619656,-0.2828838319,1.956867949,2.2449259776,4.873296035,5.0001734014,0.1769760733,0.7079113329534594,0.0999604105,-1.7588514635,5,"Naive, global scan"
248073,main,False,4,2,0,20.0000951079,0.0499999007,0.0493479625,0.8,0.7945040962,0.7998961946,0.0053920984000001,2.9241134772,2.9943779861,3.5176927654,5.0000271699,0.2239154387,4.478317667938888,0.0999782529,-2.292438356,1,"Naive, global scan"
251827,main,False,5,1,0,6.6666939169,0.1499997956,0.444132198,0.1,0.1370136846,0.0819656264,-0.055048058199999986,1.8559855248,2.4081856302,4.9387774083,5.0000116509,0.1806000172,1.204001755319725,0.0999260709,-2.1604888873,3,"Naive, global scan"
258805,main,False,5,1,0,10.0003001852,0.0999989994,0.197392088,0.8,0.7607672782,0.8247065104,0.06393923219999997,2.5256205853,3.082766821,4.0954343362,5.0000140722,0.2081663973,2.0816848023381325,0.1005670303,-1.7299536091,2,"Naive, global scan"
259094,main,False,5,1,0,5.002281152,0.1999695939,0.7895683521,0.8,0.7113205855,0.8888491231,0.17752853759999998,2.3940842342,2.6540876861,4.6464957013,5.0002667708,0.1491919833,0.7460733424032823,0.0999947989,-1.1772095607,4,"Naive, global scan"
259490,main,False,5,1,0,20.0000143298,0.0499999881,0.049348022,0.8,0.9021571201,0.7999972463,-0.10215987380000002,2.7157823545,3.0993415007,4.1071643191,5.0000058917,0.1714910645,3.429822106297662,0.0999944871,-2.6406897734,1,"Naive, global scan"
261318,main,False,5,2,0,10.0000047973,0.099999984,0.197392088,0.2,0.4613297079,0.1305738899,-0.330755818,1.9193697217,2.2440215407,4.9669885987,5.0000014787,0.3149262435,3.14926293888207,0.0999949718,-2.7048302656,2,"Naive, global scan"
262501,main,False,5,2,0,10.0000586853,0.0999996525,0.1973911884,0.5,0.5331799631,0.5049049686,-0.02827499450000004,2.068734229,2.434200264,4.9979508825,5.0001299509,0.3622315984,3.622328571591787,0.0999535783,-2.0289194353,2,"Naive, global scan"
263908,main,False,5,2,0,10.0001397385,0.0999995342,0.197392088,0.9,0.9352535542,0.84475586,-0.09049769419999998,2.8920569898,3.7567721112,4.1286685662,5.000012665,0.105126814,1.0512730368298056,0.0999921355,-1.9612412264,2,"Naive, global scan"
295481,main,True,1,4,0,3.9999971915,0.2500000585,1.2337005501,0.3,0.304922929,0.2938303963,-0.01109253269999999,2.3720708883,3.2365832301,2.6539931849,3.2774405795,0.2740820627,1.0963279942592494,0.1077154711,-2.3740683343,5,"Naive, global scan"
306992,main,False,1,5,0,20.0011704251,0.0499970576,0.049342198,0.5,0.5,0.4999817371,-1.8262900000010074e-05,5.6504062208,13.5573935245,3.4922053189,5.0000003569,0.3242896082,6.486173862359453,0.105861766,-2.7439309224,1,"Naive, global scan"
331605,main,False,1,8,0,9.9999997858,0.1000000007,0.197392088,0.3,0.3048057369,0.2975221426,-0.007283594300000029,2.3995995253,3.2764297558,3.4909618374,4.9999996968,0.2655706344,2.655706325410056,0.1208408075,-3.7870429231,2,"Naive, global scan"
331712,main,False,1,8,0,5.0000001538,0.1999999979,0.7895683521,0.3,0.3087248737,0.2904816597,-0.018243214000000008,2.4983475221,3.5760598053,3.1795551182,5.000000292,0.2552078054,1.2760390403984099,0.1011470725,-3.4197006972,4,"Naive, global scan"
389966,main,False,3,1,0,5.0000150355,0.1999997995,0.7895683521,0.1,0.0955520321,0.103961503,0.008409470899999993,1.7036587848,2.3407223009,2.5927791533,4.0922204404,0.3197602936,1.5988030708000787,0.0999310888,-1.9858400533,4,"Naive, global scan"
438948,main,False,5,1,0,2.8767630117,0.3491154867,2.4162461254,0.7,0.4172358783,1.0906026614,0.6733667831,2.0232550555,2.5831565341,2.712059631,2.5019374081,0.1055414235,0.30231091865223747,0.1138011455,-0.8339203878,7,"Naive, global scan"
579383,main,False,2,2,0,20.0007068109,0.0499982297,0.0493445244,0.9,0.8799799013,0.9000002221,0.020020320799999936,4.1665107948,9.5814045535,4.9715048785,3.7253524844,0.2961720894,5.923651520805746,0.1000767415,-2.9692932585,1,"TuRBO, fine scan, helicity"
615436,main,False,2,3,0,4.999999989,0.2000000001,0.7895683521,0.2,0.2104924353,0.1887686019,-0.021723833400000003,2.2394785034,3.3241235454,4.979069577,5.0000000804,0.3308207862,1.654103930172948,0.0999999634,-3.6946673689,4,"TuRBO, global scan, helicity"
625527,main,False,2,4,0,19.9999999937,0.05,0.049348022,0.3,0.3010123172,0.3000000245,-0.0010122926999999726,2.3689682873,3.3134091243,4.4539806465,4.3572117869,0.1000343555,2.00068711,0.1000020134,-4.5496326643,1,"TuRBO, global scan, helicity"
626011,main,False,2,4,0,10.0000000303,0.0999999999,0.197392088,0.4,0.4023770828,0.3985649626,-0.003812120199999991,2.9381442346,4.324950607,3.9985545501,4.9999999805,0.2614491886,2.614491888614492,0.100042458,-4.6160543543,2,"TuRBO, global scan, helicity"
626151,main,False,2,4,0,10.0000000081,0.1,0.197392088,0.4,0.4017495569,0.3989290626,-0.0028204943000000315,3.0212644324,4.6555277272,3.8755511246,5.000000031,0.1587725392,1.587725392,0.1000892261,-4.7628335634,2,"TuRBO, global scan, helicity"
630266,main,True,2,5,0,19.9999998776,0.0500000001,0.049348022,0.1,0.1014521273,0.0999999953,-0.0014521319999999949,1.5409368306,1.5757421684,3.8555478407,5.000000157,0.1238068487,2.4761369690477264,0.100381971,-4.7320870839,1,"TuRBO, global scan, helicity"
630505,main,False,2,5,0,10.0000002455,0.0999999992,0.197392088,0.2,0.2037137026,0.1977402336,-0.005973468999999981,2.1917183274,3.2221033191,4.1579728504,4.9942936816,0.0999988377,0.999988384999907,0.1000030778,-4.2600357543,2,"TuRBO, global scan, helicity"
632220,main,False,2,5,0,10.000000006,0.1,0.197392088,0.6,0.601186863,0.5991920497,-0.0019948133000000645,4.210034383,5.7082490004,4.0220466678,4.999999995,0.1131225556,1.131225556,0.0999999833,-4.351147863,2,"TuRBO, global scan, helicity"
633654,main,False,2,6,0,20.0000407012,0.0499999008,0.0493478288,0.2,0.2022442495,0.2000000196,-0.0022442299000000054,2.1357256785,2.5668215946,4.8208009896,4.9999999915,0.1137733126,2.275470766534001,0.0999998054,-4.2204900554,1,"TuRBO, global scan, helicity"
635642,main,False,3,1,0,19.9999980073,0.0500000017,0.049348022,0.1,0.1100241573,0.0999990128,-0.0100251445,1.5921121556,2.1191940382,4.2573862698,5.0000006649,0.3787263467,7.5745266764660935,0.0999999086,-3.0436541594,1,"TuRBO, global scan, helicity"
635763,main,False,3,1,0,6.6666664744,0.1500000014,0.444132198,0.1,0.1205775135,0.0753174091,-0.0452601044,1.6869482416,2.3640352415,4.1636262497,5.0000008093,0.2785208127,1.8568054006698163,0.0999992488,-2.5992779685,3,"TuRBO, global scan, helicity"
636385,main,False,3,1,0,9.9999914967,0.1000000283,0.197392088,0.2,0.2044958171,0.1972174295,-0.007278387599999991,1.9629922862,2.7237813619,5.000001546,4.1329441746,0.305395123,3.0539503657320464,0.0999900359,-2.1567079786,2,"TuRBO, global scan, helicity"
645138,main,False,3,2,0,4.0000024289,0.2499999494,1.2337005501,0.1,0.0866977957,0.0896827978,0.0029850021000000088,3.4517361347,4.8297195768,4.8058683256,5.0000015574,0.1825165865,0.7300664937654583,0.099999501,-2.6748695128,5,"TuRBO, global scan, helicity"
645403,main,False,3,2,0,5.0000017399,0.1999999768,0.7895683521,0.1,0.1317405156,0.0764807257,-0.055259789899999995,1.9155505376,2.5467806553,4.9575360692,5.0000081519,0.2407551722,1.203776000638016,0.099999889,-3.0971901373,4,"TuRBO, global scan, helicity"
654082,main,False,3,2,0,6.6666681808,0.1499999886,0.444132198,0.9,0.9478690752,0.865229446,-0.08263962920000001,5.2227134435,7.2895782615,4.5263759795,4.9999850186,0.215926483,1.4395099960694264,0.099999712,-3.0545623476,3,"TuRBO, global scan, helicity"
660186,main,False,4,1,0,6.6666257297,0.150000307,0.444132198,0.1,0.0993846185,0.1002842697,0.000899651200000004,1.5875830389,2.0585895738,4.3930141734,5.0000181401,0.231047942,1.540316460818977,0.0999893258,-1.7019156509,3,"TuRBO, global scan, helicity"
660333,main,False,4,1,0,6.6666666395,0.1500000002,0.444132198,0.1,0.1087255085,0.0924256478,-0.016299860700000002,1.5279463594,1.9867461416,5.0000390157,5.0000129903,0.2328341135,1.5522274212636966,0.0999979524,-1.8489742388,3,"TuRBO, global scan, helicity"
660970,main,False,4,1,0,6.6666685935,0.1499999855,0.444132198,0.1,0.1710048238,0.0588850602,-0.1121197636,1.7644911756,2.3255606396,4.8923131412,5.0000021286,0.2113304529,1.4088698221907496,0.0999950816,-2.5799686084,3,"TuRBO, global scan, helicity"
764091,main,False,2,2,0,2.8571415816,0.3500000521,2.4180530783,0.2,0.22368569,0.1694484482,-0.0542372418,2.166840975,3.0604081273,4.3052340196,3.1635965127,0.2875091934,0.8214547160063121,0.0999999016,-2.5888645658,7,"TuRBO, global scan, helicity"
766095,main,False,2,2,0,9.9999993872,0.100000002,0.197392088,0.4,0.4042665369,0.3974196988,-0.0068468380999999745,2.7912862422,3.8454299539,4.9964177187,5.0000009809,0.3691333846,3.6913337721733246,0.0999989631,-3.3692098361,2,"TuRBO, global scan, helicity"
773831,main,False,2,3,0,6.6666669506,0.1499999979,0.444132198,0.2,0.1969838562,0.2029833969,0.0059995407,3.0704758798,5.2263862744,4.9999671706,4.7777519455,0.483458921,3.2230595184561666,0.1000000578,-4.0654885836,3,"TuRBO, global scan, helicity"
780110,main,False,2,3,0,6.6666666548,0.1500000001,0.444132198,0.8,0.8014486043,0.7977565666,-0.0036920376999999283,7.8448263974,10.5544986835,4.9995646924,5.0000015707,0.3088966067,2.0593107099604597,0.0999988861,-3.3723562431,3,"TuRBO, global scan, helicity"
784312,main,False,2,4,0,4.0000034895,0.2499999273,1.2337005501,0.5,0.5260128178,0.4694934024,-0.056519415399999995,3.4965143795,4.074320411,4.8949938287,5.0000145339,0.1858739069,0.7434958438085914,0.0999999821,-2.3396510417,5,"TuRBO, global scan, helicity"
791791,main,False,2,6,0,19.9999999848,0.05,0.049348022,0.3,0.3033768018,0.2999999983,-0.0033768034999999696,2.3026907333,2.4425769385,4.7409063355,5.0000000949,0.1007606328,2.0152126559999997,0.1000042873,-4.4729240183,1,"TuRBO, global scan, helicity"
798953,main,False,3,1,0,10.0002931916,0.0999970843,0.1973806094,0.6,0.6043062676,0.5966264475,-0.007679820099999901,3.0588426117,4.1566249714,4.9284633881,5.0000008766,0.3050469499,3.0505584441325553,0.0999826404,-2.5063776343,2,"TuRBO, global scan, helicity"
803307,main,False,3,2,0,9.9999999062,0.1000000003,0.197392088,0.1,0.1218891567,0.0888919066,-0.0329972501,1.5588318953,1.8751874774,4.2892894025,5.0000010026,0.2395095113,2.3950951058147147,0.1000043136,-3.7520724283,2,"TuRBO, global scan, helicity"
818536,main,False,4,1,0,3.3335005379,0.299994984,1.7765287922,0.1,0.1992932556,0.058467893,-0.1408253626,1.5614618025,1.6602200752,5.0006464236,5.0002350404,0.1718930832,0.5729865243346868,0.0999998987,-1.5839850559,6,"TuRBO, global scan, helicity"
819202,main,False,4,1,0,2.8572036404,0.3499975181,2.4180530783,0.1,0.1763149467,0.0462211901,-0.1300937566,2.4658402294,3.3419584177,4.0307525373,5.0000860152,0.1655688036,0.473057079086756,0.0999916872,-1.7643436867,7,"TuRBO, global scan, helicity"
819638,main,False,4,1,0,10.0000212085,0.0999999293,0.197392088,0.2,0.2224011941,0.1825540547,-0.03984713940000001,1.8203041658,2.5595657208,5.0000018788,5.0000105886,0.2295464314,2.2954659368944172,0.0999789617,-2.2869689164,2,"TuRBO, global scan, helicity"
819919,main,False,4,1,0,6.666667977,0.1499999902,0.444132198,0.2,0.2871803014,0.1317413605,-0.15543894090000002,2.2351683853,3.1914699178,4.6820399625,5.0000091596,0.2029655699,1.3531038877361208,0.0999990651,-2.3523025604,3,"TuRBO, global scan, helicity"
828730,main,False,4,2,0,20.000001409,0.0499999988,0.049348022,0.2,0.2699521672,0.1999996113,-0.06995255589999999,1.7390839716,2.0112003484,4.9998970153,5.0000010647,0.1435164904,2.870329876887917,0.0999991654,-3.6038072919,1,"TuRBO, global scan, helicity"
831841,main,False,4,2,0,5.0008310671,0.1999889203,0.7895683521,0.6,0.4192098322,0.9258410563,0.5066312240999999,2.1398764976,2.6458317786,4.0123540713,3.917546415,0.2961635306,1.4808996926216216,0.0999961935,-1.3866733368,4,"TuRBO, global scan, helicity"
832128,main,False,4,2,0,5.0005508535,0.1999914482,0.7895540495,0.7,0.6942588503,0.7038508681,0.009592017799999963,2.6576162083,3.2464867046,3.7782210731,5.000092809,0.1552762258,0.7764143277002381,0.0999943932,-1.4916202499,4,"TuRBO, global scan, helicity"
885220,main,False,2,2,0,19.999999288,0.0500000006,0.049348022,0.3,0.2996862991,0.3000001893,0.0003138901999999999,2.3640753728,3.5331370398,4.2483829044,5.0000000984,0.3306411595,6.612823110646123,0.1247862579,-3.3390077394,1,"TuRBO, global scan, helicity r"
886676,main,False,2,2,0,20.0000631945,0.0499998278,0.0493476681,0.4,0.4019976437,0.3999984312,-0.001999212500000014,2.8776812245,3.7850996168,4.1250759031,5.0000011972,0.4402997254,8.806024835949534,0.0999968696,-3.306634215,1,"TuRBO, global scan, helicity r"
890144,main,False,2,2,0,4.9999998283,0.2000000023,0.7895683521,0.7,0.6977326975,0.699410213,0.0016775154999999486,5.4902579136,7.5770889117,4.2296562493,5.0000001872,0.3435752806,1.7178763832444215,0.0999999239,-2.9923276856,4,"TuRBO, global scan, helicity r"
892452,main,False,2,3,0,9.9999997119,0.100000001,0.197392088,0.1,0.1099915514,0.0933091617,-0.016682389699999994,1.6120535101,2.0826742046,4.5803364764,5.0000001458,0.2854542973,2.8545429444545705,0.1235790037,-3.252275148,2,"TuRBO, global scan, helicity r"
892673,main,False,2,3,0,3.3333329997,0.30000001,1.7765287922,0.1,0.1217299381,0.0766144162,-0.04511552190000001,1.6499203429,1.9204483812,5.0000005721,4.1714500464,0.2461026967,0.8203422949885902,0.1313962509,-2.8206297782,6,"TuRBO, global scan, helicity r"
893965,main,False,2,3,0,6.6666672425,0.1499999957,0.444132198,0.2,0.2068194089,0.1938386669,-0.01298074199999999,2.0582502614,2.7764340258,4.1085946143,4.9999999362,0.4756727533,3.1711517795730173,0.0999994769,-3.6829279379,3,"TuRBO, global scan, helicity r"
902504,main,False,2,4,0,10.0000003494,0.0999999988,0.197392088,0.1,0.1102618172,0.0936512388,-0.016610578400000006,1.7129890932,2.228636387,4.8735525384,5.0000006294,0.0999978756,0.9999787679997452,0.1000392662,-4.2787339545,2,"TuRBO, global scan, helicity r"
902638,main,True,2,4,0,6.6666666534,0.1500000001,0.444132198,0.1,0.113730595,0.0862997944,-0.0274308006,2.4174398322,3.5960245925,4.176368793,2.7588668832,0.4664688256,3.109792168593472,0.0999999914,-4.5099216361,3,"TuRBO, global scan, helicity r"
916448,main,False,3,1,0,10.0000001474,0.0999999995,0.197392088,0.3,0.3371551856,0.2710786784,-0.06607650720000002,2.1448288135,2.8320409529,4.2314157192,5.0000004314,0.2973546358,2.9735463728677316,0.0999977474,-2.9453449536,2,"TuRBO, global scan, helicity r"
919739,main,False,3,1,0,6.6666726581,0.1499999551,0.444132198,0.6,0.6199728389,0.5747776959,-0.04519514299999994,3.2278110883,4.5321892125,5.000014147,5.0000007876,0.2674218179,1.7828126529885877,0.0999998443,-2.4831417073,3,"TuRBO, global scan, helicity r"
929630,main,False,3,2,0,6.6666713155,0.1499999651,0.444132198,0.7,0.73164491,0.6669476525,-0.0646972575,3.5521316675,4.5598547919,4.5838184199,5.0000032236,0.2193632363,1.4624219155901657,0.0999962586,-2.5467916893,3,"TuRBO, global scan, helicity r"
942782,main,False,4,1,0,10.0000144367,0.0999999519,0.197392088,0.4,0.417962858,0.3770893009,-0.04087355710000001,2.4497905191,3.5590713032,4.9998864984,5.0000004441,0.2081383361,2.081384362145878,0.0999885614,-2.4779341679,2,"TuRBO, global scan, helicity r"
949074,main,False,4,2,0,20.0000016338,0.0499999986,0.049348022,0.2,0.2442068871,0.1999955567,-0.0442113304,1.7311387354,2.0542097586,4.3084325534,5.0000010309,0.1324915623,2.6498313201952772,0.099995782,-2.9779734423,1,"TuRBO, global scan, helicity r"
962269,main,False,2,2,0,20.000000554,0.0499999995,0.049348022,0.9,0.9143784503,0.8999998134,-0.014378636899999964,3.5347316181,4.7328770764,4.9999549465,5.0000001902,0.1868865489,3.7377310153773102,0.0999998369,-3.1145654103,1,"diff, l2g, sector"
1041330,main,False,2,2,0,4.9999989439,0.2000000141,0.7895683521,0.1,0.1192138844,0.0641688554,-0.055045028999999995,1.6384247605,1.9517147832,5.0000005316,4.7876498342,0.3302982848,1.6514913075698627,0.1199320523,-2.8076327682,4,"TuRBO, global scan, helicity r"
1042421,main,False,2,2,0,6.6666688608,0.1499999835,0.444132198,0.2,0.2043983369,0.1958086763,-0.008589660599999993,2.000729522,2.6255739453,4.9671233936,5.0000000222,0.3048852927,2.0325688415825724,0.1318189268,-3.1242304582,3,"TuRBO, global scan, helicity r"
1043666,main,False,2,2,0,9.9999998704,0.1000000004,0.197392088,0.3,0.2975534042,0.3014545404,0.003901136200000044,3.1604272059,5.5196342065,4.9246070813,5.0000002014,0.374355709,3.743557075025772,0.0999999882,-3.8379763367,2,"TuRBO, global scan, helicity r"
1044494,main,False,2,2,0,5.0000535994,0.1999975407,0.7895476894,0.4,0.4007359252,0.39833995,-0.002395975200000011,2.8878319202,4.4203079217,4.3008687636,5.0000022486,0.27202993,1.3601663752858335,0.0999999463,-2.3485315186,4,"TuRBO, global scan, helicity r"
1044881,main,False,2,2,0,3.3333342294,0.2999999731,1.7765287922,0.4,0.4018691805,0.3951658538,-0.006703326699999956,3.2058059449,5.2961319449,3.5381365647,2.3150828314,0.3012110373,1.0040368810286404,0.1000639571,-2.8679552363,6,"TuRBO, global scan, helicity r"
1046673,main,False,2,2,0,3.333285865,0.3000014241,1.7765287922,0.6,0.6472274713,0.5473856836,-0.09984178770000007,4.9143342075,7.3089463584,4.96751419,4.9630899491,0.1774688191,0.5915599221983826,0.0999919143,-1.926273653,6,"TuRBO, global scan, helicity r"
1051941,main,False,2,3,0,6.6666672425,0.1499999957,0.444132198,0.2,0.2068194089,0.1938386669,-0.01298074199999999,2.0582502614,2.7764340258,4.1085946143,4.9999999362,0.4756727533,3.1711517795730173,0.0999994769,-3.6829279379,3,"TuRBO, global scan, helicity r"
1052431,main,False,2,3,0,6.6666667856,0.1499999991,0.444132198,0.2,0.2021977697,0.1980834918,-0.004114277899999991,2.4975107404,3.9645708611,3.7345754644,2.6527488712,0.4621809955,3.0812066551539066,0.1000166174,-4.1713959466,3,"TuRBO, global scan, helicity r"
1056496,main,False,2,3,0,20.0011142135,0.0499972156,0.0493425269,0.6,0.5997312377,0.6000000314,0.0002687936999999918,4.5470554314,6.9636126895,3.8000880388,5.0000007237,0.1035855761,2.0718268978962904,0.1003550245,-4.2809185748,1,"TuRBO, global scan, helicity r"
1058814,main,False,2,3,0,10.0000000243,0.0999999999,0.197392088,0.8,0.8017754889,0.7977931137,-0.00398237520000011,7.3528638053,10.4423303596,4.9409849103,3.9505919114,0.3491984252,3.4919842554919844,0.0999999378,-3.5861241985,2,"TuRBO, global scan, helicity r"
1060374,main,False,2,4,0,20.0000000095,0.05,0.049348022,0.1,0.102352627,0.0999999813,-0.002352645700000003,1.5791744836,1.7273614351,4.7131236733,4.9999999565,0.2478061498,4.9561229959999995,0.0999999905,-4.8266791947,1,"TuRBO, global scan, helicity r"
1060614,main,False,2,4,0,6.6666666534,0.1500000001,0.444132198,0.1,0.113730595,0.0862997944,-0.0274308006,2.4174398322,3.5960245925,4.176368793,2.7588668832,0.4664688256,3.109792168593472,0.0999999914,-4.5099216361,3,"TuRBO, global scan, helicity r"
1061139,main,False,2,4,0,6.6666666907,0.1499999998,0.444132198,0.2,0.1993097868,0.2006126405,0.0013028536999999951,2.7650071354,4.5801037879,4.213556397,3.8894720341,0.3149436728,2.0996244881328328,0.0999999652,-4.2483025086,3,"TuRBO, global scan, helicity r"
1063007,main,False,2,4,0,9.9999994903,0.1000000017,0.197392088,0.5,0.5018364278,0.4989048655,-0.0029315623000000235,3.3413539057,4.2188883828,4.711879756,5.0000013067,0.1000235463,1.0002354459959975,0.1000150148,-3.8035857575,2,"TuRBO, global scan, helicity r"
1067955,main,False,2,5,0,20.0001002664,0.0499997414,0.0493475038,0.4,0.4036977854,0.3999996566,-0.0036981288000000334,2.7876537218,3.5191303172,4.4858053664,4.9999999314,0.1000491131,2.000992611133785,0.1000034351,-3.9962359919,1,"TuRBO, global scan, helicity r"
1068110,main,False,2,5,0,9.9999999348,0.1000000002,0.197392088,0.5,0.5032243602,0.4980126109,-0.005211749300000068,3.3518001111,4.1515734587,4.9999121657,5.0000002252,0.1000033994,1.0000339919999321,0.099999927,-4.1064701516,2,"TuRBO, global scan, helicity r"
1072451,main,False,3,1,0,6.6666674587,0.1499999941,0.444132198,0.1,0.1151008112,0.0771212253,-0.0379795859,1.8197329092,2.5978088378,4.3979674533,5.0000004464,0.2697311209,1.7982075433961633,0.0999980602,-2.7525660168,3,"TuRBO, global scan, helicity r"
1076550,main,False,3,1,0,2.8579191105,0.3499595336,2.4178711925,0.5,0.451146518,0.5552674797,0.10412096170000001,2.6160849356,3.6689279691,4.1271079732,3.0537283838,0.2030625279,0.5802457381603964,0.1431546911,-1.2566812558,7,"TuRBO, global scan, helicity r"
1084391,main,False,3,2,0,20.0000004546,0.0499999996,0.049348022,0.4,0.4319600847,0.4000003906,-0.03195969410000005,2.3415798363,2.5336507677,4.6936174091,5.0000003017,0.2464807734,4.929615507436925,0.0999989454,-3.4159056109,1,"TuRBO, global scan, helicity r"
1085770,main,False,3,2,0,20.0000049314,0.0499999932,0.0493480141,0.5,0.5029336269,0.4999973879,-0.002936239000000007,2.5337191471,2.6343652841,5.0000040674,5.0000003592,0.28836547,5.767310184354185,0.0999995171,-2.9089897195,1,"TuRBO, global scan, helicity r"
1088047,main,False,3,2,0,6.6666684044,0.149999987,0.444132198,0.7,0.7486453292,0.6459925996,-0.10265272960000005,3.718645296,4.9274486298,4.9923785846,4.9999993042,0.2332186119,1.554790880748543,0.0999995821,-2.8953349444,3,"TuRBO, global scan, helicity r"
1088372,main,False,3,2,0,3.3342895284,0.2999180466,1.7755824588,0.7,0.7414889474,0.6575068716,-0.08398207580000006,4.17726056,6.7724666485,4.6536863383,5.0000322797,0.1959472958,0.6533361297239124,0.0999858234,-1.906735241,6,"TuRBO, global scan, helicity r"
1094744,main,True,3,3,0,20.0000002957,0.0499999998,0.049348022,0.9,0.9064296707,0.8999990528,-0.006430617899999991,4.7038933503,6.1591543632,4.7351811795,5.0000007539,0.2574005453,5.148010926592044,0.099999165,-3.9591381235,1,"TuRBO, global scan, helicity r"
1101480,main,False,4,1,0,6.6660818182,0.1500043866,0.444132198,0.5,0.4890943306,0.5015137826,0.012419451999999997,2.4743320518,3.5300456344,4.0542537751,5.0007545174,0.2204032662,1.4693121394357942,0.1000023279,-1.7827105574,3,"TuRBO, global scan, helicity r"
1104217,main,False,4,1,0,6.6660027086,0.15000498,0.444132198,0.8,0.791507871,0.8056422964,0.014134425399999984,3.0779863025,3.7847049216,3.4188933785,5.001358686,0.2232264514,1.488126936852363,0.0999884123,-1.4154449235,3,"TuRBO, global scan, helicity r"
1104224,main,False,4,1,0,6.6659990962,0.1500050071,0.444132198,0.8,0.7915064347,0.8056431374,0.014136702700000003,3.0780124815,3.7843584631,3.4206902762,5.0013636184,0.2234519651,1.4896300424894284,0.0999883789,-1.4153279444,3,"TuRBO, global scan, helicity r"
1109119,main,False,4,2,0,4.000080388,0.2499983253,1.2337005501,0.4,0.3663977914,0.4448218735,0.07842408210000001,2.3987321187,3.5647835901,4.9481293088,4.8505364517,0.1193843735,0.47754069294959395,0.0999760115,-1.465499881,5,"TuRBO, global scan, helicity r"
1117154,main,False,3,5,1,19.9995689263,0.0500003571,0.0493480156,1.8,1.3470579713,1.7998221371,0.4527641658000001,3.1225380295,4.1499979067,15.9856400331,35.0000292979,0.1486269676,2.9725181222755706,0.0999976442,-2.2526899097,1,QH
1259227,main,False,4,3,1,23.9999999056,0.0416666667,0.0342694597,1.3,1.3007688108,1.2999999216,-0.0007688891999999559,2.9624937744,4.0402117777,10.9479309024,27.6441567742,0.2060758337,4.945820004843344,0.0999999797,-4.2220490384,1,QH
1295293,main,False,4,3,1,12.0000000247,0.0833333333,0.1370778389,1.8,1.7549202555,1.8283105847,0.07339032919999999,2.0217260897,2.147623238,6.9248589124,18.9790162487,0.2587770607,3.10532472964213,0.0999999805,-4.319942045,2,QH
1295294,main,False,4,3,1,12.0000000503,0.0833333332,0.1370778389,1.8,1.7734328262,1.8163419884,0.04290916219999996,2.0989706793,2.2238068333,8.8726395113,22.7516890282,0.2883567261,3.4602807187364495,0.0999999924,-3.9877925584,2,QH
1295342,main,False,4,3,1,12.000900674,0.0833269662,0.1370567068,1.9,1.6387221309,2.0927514892,0.4540293582999999,2.2180001903,2.743597538,11.7710627599,35.0000112635,0.16822383,2.0188402106976024,0.1000000174,-2.5594842804,2,QH
1301465,main,False,3,3,1,12.0006555188,0.0833287429,0.1370626741,1.9,1.306507769,2.0622214974,0.7557137284,3.7137545888,4.8895429097,13.2358193153,35.000014043,0.1855923412,2.2272307818530646,0.1000023444,-2.4852186735,2,QH
1301502,main,False,3,3,1,12.0003203447,0.0833310953,0.1370704541,1.9,1.2558195839,2.0179813818,0.7621617978999999,3.4581504845,4.312235402,15.0437950447,34.9999978816,0.1659110109,1.9909856015057081,0.1020653216,-2.8055846393,2,QH
1329159,main,False,4,4,1,7.9999997054,0.1250000015,0.3084251375,1.9,1.7208719331,2.1301533018,0.4092813687000001,2.0155872123,2.1560340196,11.5724326273,35.0000028542,0.1510253299,1.2082026247015685,0.1000008941,-3.1083924104,3,QH
1333290,main,False,3,5,1,7.9999997005,0.1250000016,0.3084251375,1.7,1.3714499251,1.7820304145,0.4105804894,2.80426899,3.492028612,10.5864267262,18.1719587598,0.1616362224,1.2930897626484512,0.0999999186,-3.1009616001,3,QH
1335043,main,False,3,4,1,7.9999998743,0.1250000007,0.3084251375,1.7,1.3094981783,1.7087408072,0.3992426289000002,6.597527208,14.9279284239,12.0973760671,33.1376058288,0.1501086226,1.2008689740751337,0.1000004087,-2.6292158097,3,QH
1407040,main,False,3,5,1,24.0000000446,0.0416666666,0.0342694597,1.7,1.3572394837,1.699999957,0.34276047330000003,3.1099067301,3.9003232267,8.876753958,19.2690415944,0.253141677,6.0754002577206405,0.1001024718,-4.5622032568,1,QH
1451488,main,False,3,2,1,12.0034355272,0.0833075986,0.1369900906,1.8,1.3997234868,1.8885969738,0.488873487,2.763857744,2.9874672171,13.0173292094,24.9236516436,0.149931567,1.7997345922776362,0.1118796038,-1.8892782934,2,QH
1452507,main,False,4,5,1,12.0000322829,0.0833332586,0.1370778389,1.5,1.410607028,1.5572267412,0.1466197132,2.2433277842,2.8248880424,7.8166637486,25.8920493396,0.152864258,1.8343727410654742,0.1000006906,-2.5239490933,2,QH
1470554,main,False,2,5,1,8.000000626,0.1249999967,0.3084251375,1.2,0.8063378728,1.2110219776,0.40468410479999994,5.7028945729,7.9155110249,9.0211145379,18.3497437469,0.1500002707,1.2000021972800579,0.0999999553,-2.7966427989,3,QH
1551003,main,False,3,4,1,23.9999998782,0.0416666667,0.0342694597,1.1,1.1305884357,1.1000000967,-0.03058833899999991,8.5516885346,15.0896475706,12.1749538537,33.9256796019,0.1501972413,3.604733788316213,0.0999983801,-3.6603205341,1,QH
1572277,main,False,5,3,1,24.002068052,0.0416631944,0.0342638452,1.9,1.7456591541,1.8995126732,0.1538535191000001,6.1278239734,7.2729176131,12.3635184267,35.0000059434,0.1499631283,3.599415034292234,0.0999954029,-2.0207541038,1,QH
1575987,main,False,5,2,1,23.9999994175,0.041666667,0.0342694597,2.2,2.1817580737,2.2000000241,0.018241950399999762,4.2846206039,9.2460078097,11.3761157619,29.4536159547,0.1499981184,3.5999548128003616,0.0999912405,-3.0884821759,1,QH
1586853,main,False,3,4,1,11.9999989584,0.0833333357,0.1370778389,1.2,1.2033752437,1.1984385293,-0.004936714400000097,7.5777866755,10.6780917511,11.3634450956,26.0852009654,0.1499988074,1.7999856376804078,0.0999999815,-3.0683219345,2,QH
1598224,main,False,4,3,1,11.999998439,0.0833333369,0.1370778389,1.1,1.0903572999,1.104911386,0.014554086099999974,3.6283939641,6.4873480488,11.8486961711,28.0669216699,0.1499987915,1.799985420960624,0.0999978513,-2.6626714596,2,QH
1600054,main,False,4,3,1,11.9999638031,0.0833334171,0.1370778389,1.8,1.7377789802,1.8394519688,0.10167298859999985,1.9383431757,2.1285372196,5.5855662987,10.1559202269,0.2608686043,3.13042010490171,0.0999902063,-2.3889649717,2,QH
1601298,main,False,4,3,1,12.0000001155,0.0833333331,0.1370778389,2.3,1.8107825544,2.3717553941,0.5609728397,2.1190042057,2.475086206,8.9429163103,20.0282424844,0.2609243201,3.131091849967057,0.1000015385,-3.947267188,2,QH
1603999,main,False,4,2,1,11.9999997323,0.083333334,0.1370778389,2.3,1.9625793135,2.4999920987,0.5374127851999999,2.0497370155,2.3898388743,10.9708421772,28.6978654471,0.2624308833,3.1491705744066354,0.0999999697,-3.3689144498,2,QH
1607264,main,False,5,3,1,12.0000000536,0.0833333332,0.1370778389,1.5,1.5046196342,1.4970360686,-0.007583565600000064,3.0129536659,3.8729715644,10.6778250281,23.1252543912,0.1560044179,1.8720530177952848,0.0999997776,-3.0740638035,2,QH
1607417,main,False,5,3,1,12.000000258,0.0833333327,0.1370778389,1.6,1.5501075475,1.6317223628,0.08161481530000003,1.8718956285,1.9100417968,14.3948914108,35.0000004625,0.1510624399,1.8127492925768949,0.0999993756,-3.1177344157,2,QH
1610265,main,False,5,2,1,12.0000119975,0.0833333056,0.1370778389,1.6,1.6252373331,1.5876356382,-0.03760169489999998,4.1538944894,4.6176039274,12.0228341069,34.9999988998,0.1499786984,1.7997449797551293,0.099993275,-2.2551002432,2,QH
1611132,main,False,5,2,1,11.9999896749,0.0833333572,0.1370778389,2.0,2.0442906315,1.9755963695,-0.06869426199999995,7.3100094424,8.3326579506,11.7084893971,34.9999975435,0.1499992913,1.7999909800825833,0.0999947345,-2.3370296848,2,QH
1631630,main,False,4,4,1,7.9999910402,0.1250000467,0.3084251375,1.2,1.204742646,1.1948414363,-0.009901209699999969,3.0088705604,3.791854045,8.0042137664,17.7125630102,0.1499999342,1.199999025280364,0.0999997591,-2.2828462906,3,QH
1635364,main,False,4,3,1,8.0000000982,0.1249999995,0.3084251375,1.7,1.6307613789,1.7745180687,0.1437566898,2.0752893425,2.1706117587,10.9432357838,27.3070592629,0.2313686331,1.8509490722037962,0.0999999584,-3.5322222069,3,QH
1639254,main,False,4,2,1,8.000010391,0.1249999459,0.3084251375,2.1,1.7169117405,2.6642806983,0.9473689577999997,2.0439584232,2.3536555672,7.2207034559,14.2335441005,0.2156885022,1.7255087644001932,0.1000176484,-2.5974205919,3,QH
1656655,main,False,3,5,1,5.9999970024,0.1666666944,0.5483113556,2.0,0.9624352614,1.998554064,1.0361188025999999,4.1248084919,5.2087576564,10.9489758161,22.8799066544,0.150001982,0.900011742238046,0.0999999859,-2.6408725161,4,QH
1661665,main,False,3,3,1,5.9999980672,0.1666666846,0.5483113556,1.1,1.0986137473,1.0987198108,0.00010606350000008646,4.9787453482,8.1771795744,7.3053443487,9.8627791654,0.1601672167,0.9610031967960561,0.0999999157,-2.7457227649,4,QH
1681907,main,False,5,2,1,5.9999921821,0.1666667391,0.5483113556,1.8,1.7917075138,1.8096464683,0.017938954499999937,2.3509448193,3.7488021094,9.0949044141,24.6023972317,0.1499997931,0.8999983674607096,0.0999998847,-1.9267304206,4,QH
1682551,main,False,5,2,1,6.0002407396,0.1666531234,0.5481996946,2.1,1.9309065998,2.333160617,0.4022540172,1.956350046,2.4142368595,6.4923888007,12.0097982991,0.1499948965,0.9000425160948409,0.0999993219,-1.7085645986,4,QH
1691861,main,False,3,5,1,24.0000507041,0.0416665794,0.0342693169,1.8,1.3925708386,1.7999993633,0.4074285247,3.5993674365,4.905427974,13.4895951651,30.5547667641,0.2069466792,4.966730703120785,0.1000161725,-3.7414886904,1,QH
1709131,main,False,4,2,1,23.9999999704,0.0416666667,0.0342694597,1.3,1.313107882,1.2999990339,-0.013108848099999904,4.8944573675,7.5405173525,12.3460001464,34.99995381,0.1509205148,3.622092352302326,0.0999998474,-3.3728612882,1,QH
1712164,main,False,5,4,1,24.0000003888,0.0416666664,0.0342694597,1.4,1.3964451647,1.3999999807,0.0035548160000000717,2.137328617,2.2162724721,13.3495103465,35.0000004569,0.1502353257,3.605647839876146,0.0999999836,-3.7490180018,1,QH
1714834,main,False,5,3,1,24.0001862185,0.041666492,0.0342692947,2.0,1.9292141571,1.9996892868,0.07047512969999992,7.8365344245,7.9873114756,14.6432083446,34.9999951123,0.1554985179,3.7319800740604703,0.099974855,-2.1044862747,1,QH
1729724,main,False,3,4,1,11.9999996196,0.0833333342,0.1370778389,1.4,1.3754678315,1.4151038217,0.03963599020000008,2.5213333002,2.9621036607,11.0050699572,21.0203720493,0.2321718723,2.786062438624951,0.0999999314,-3.311848089,2,QH
1743713,main,False,4,3,1,12.0032181935,0.0833109107,0.1370039497,2.4,1.9611316075,2.671840734,0.7107091264999998,2.4425222563,2.990632226,12.4804308197,24.4226322039,0.1499990823,1.8004734438702996,0.0999993834,-2.4268337372,2,QH
1751380,main,False,5,3,1,12.0023021282,0.083316314,0.1370201502,2.6,2.4159955414,2.5866006151,0.1706050737,4.4045310299,6.9802009839,16.5399590814,35.0000931971,0.1500000229,1.800367967550749,0.0999852138,-1.7788939945,2,QH
1751756,main,False,5,2,1,12.0000380328,0.0833332453,0.1370778389,1.2,1.1538663462,1.2244593736,0.07059302739999995,2.6101447961,3.2696558391,15.208041859,35.0000017046,0.1499995837,1.7999969059167313,0.0999997811,-2.0777186466,2,QH
1763076,main,False,3,5,1,7.9999998925,0.1250000006,0.3084251375,1.8,1.2508090021,1.855980485,0.6051714828999999,2.949081602,3.7188993088,12.7851389544,30.5972792694,0.1589853953,1.2718831562949608,0.0999999772,-3.4011981589,3,QH
1763181,main,False,3,5,1,7.9999982197,0.1250000093,0.3084251375,1.9,1.1245629496,1.9270099258,0.8024469761999999,3.7833567703,4.5768214258,12.8100063371,23.3694168997,0.1499997555,1.1999979547201522,0.1000122308,-2.4827001836,3,QH
1763217,main,False,3,5,1,7.9999997246,0.1250000014,0.3084251375,1.9,1.0973896329,1.875080218,0.7776905851,3.646250519,4.5481380914,14.5360914838,35.0000026031,0.1539445785,1.231556614206566,0.1000110764,-2.7870627288,3,QH
1764538,main,False,3,4,1,7.9999981015,0.1250000099,0.3084251375,1.1,1.1010860703,1.0982468607,-0.002839209600000059,4.5574260404,6.3918912537,7.7355929195,15.2016361594,0.1499983939,1.1999870561610253,0.0999999266,-2.884069254,3,QH
1767092,main,False,3,4,1,8.0000001484,0.1249999992,0.3084251375,2.1,0.8989746349,2.1006275752,1.2016529402999998,4.0908224104,5.2919792154,9.9570840754,21.234758098,0.2169016552,1.7352132527053648,0.1000078665,-3.414724176,3,QH
1771667,main,False,3,2,1,7.9999887137,0.1250000588,0.3084251375,1.6,1.3902360299,1.8860322375,0.4957962076,2.6792280127,3.2589440338,8.0478433535,17.5882095964,0.2353655383,1.882923420672823,0.1072497401,-2.4096252377,3,QH
1773977,main,False,4,4,1,7.999998568,0.1250000075,0.3084251375,1.2,1.1994328631,1.1994118634,-2.0999700000023935e-05,2.9955859718,3.8716896969,9.2481411798,17.0286909413,0.1499999828,1.1999997904000124,0.0999999017,-2.5791393867,3,QH
1776701,main,False,4,3,1,8.0000002865,0.1249999985,0.3084251375,1.3,1.3006415142,1.297842975,-0.002798539200000061,3.1575797656,3.6616323461,13.06704338,26.2000535248,0.1499997988,1.1999984047999808,0.0999997292,-3.0533476907,3,QH
1813074,main,False,4,3,1,5.9999997294,0.1666666692,0.5483113556,1.6,1.5334469655,1.6901349474,0.1566879819,2.1440124107,2.2687829462,14.0802111816,34.999980885,0.1932375743,1.1594254281767333,0.0999999148,-3.1424938328,4,QH
1837409,main,False,3,4,1,24.0000728585,0.041666543,0.0342692587,1.8,1.3585857475,1.8000008173,0.4414150697999999,4.1285705538,5.77030526,12.3749284403,35.0000082824,0.2140152183,5.136380483977277,0.0999998229,-3.5206181189,1,QH
1847386,main,False,4,3,1,23.9999992252,0.0416666671,0.0342694597,1.1,1.0939753088,1.1000002049,0.00602489610000001,2.4414387043,2.7483236776,13.1489304913,34.9999991058,0.1612263298,3.869431874957909,0.0999998808,-3.8636570637,1,QH
1849177,main,False,4,3,1,24.0000011106,0.041666666,0.0342694597,1.8,1.8201479679,1.8000000257,-0.020147942200000157,12.6148976716,15.2559108192,9.2481739885,23.4823902336,0.1499998525,3.5999965175999447,0.0999999652,-3.9282976891,1,QH
1849970,main,False,4,3,1,23.9999992474,0.0416666671,0.0342694597,2.2,1.7763481613,2.1999994835,0.4236513222,6.2618470172,11.6959127482,14.2862059578,35.0000005828,0.1499974741,3.599939340960631,0.0999996416,-3.1544021599,1,QH
1851646,main,False,4,2,1,23.9999996913,0.0416666668,0.0342694597,1.4,1.4067593383,1.40000017,-0.006759168300000118,5.2266445812,5.4971270253,13.395117911,35.0000003938,0.1782289608,4.2774950455120155,0.0999995181,-3.3721331871,1,QH
1861414,main,False,5,2,1,23.9999837676,0.0416666761,0.0342694597,2.6,2.4027748505,2.6000001166,0.1972252660999998,5.2830164909,9.5289462964,13.7402547767,35.0000014592,0.1499159532,3.597982062216861,0.0999888031,-2.3492462199,1,QH
1862319,main,False,2,5,1,11.9999984703,0.0833333369,0.1370778389,1.4,0.6146282026,1.3995019478,0.7848737452,8.891667755,11.3881842237,11.2698117583,24.2833252115,0.2011037753,2.4132452003131055,0.1000000385,-2.8304784362,2,QH
1869419,main,False,3,5,1,12.0004090237,0.0833303622,0.1370678492,1.6,1.4810171427,1.6592211045,0.17820396179999998,2.9985839476,3.6731574646,14.2093859114,35.0000024465,0.15926948,1.9113019047935929,0.0999982126,-2.5437822198,2,QH
1878551,main,False,3,2,1,11.9999995289,0.0833333344,0.1370778389,1.8,1.4351134305,1.9866308993,0.5515174688,3.0525833259,3.8866426439,8.2553754914,14.6173545339,0.2561261446,3.073513695859025,0.160470154,-2.6429509379,2,QH
1884508,main,False,4,3,1,12.0000000399,0.0833333332,0.1370778389,1.7,1.6647420813,1.7219926266,0.057250545300000066,2.0355459668,2.1377125244,12.9091290355,34.9391356342,0.2738873376,3.286648056458637,0.1000455126,-3.996241199,2,QH
1885485,main,False,4,3,1,12.0000001435,0.083333333,0.1370778389,2.1,1.8944124242,2.2520458023,0.35763337810000007,1.9963088806,2.223394706,12.1117505718,24.2574630256,0.2750476741,3.3005721024022883,0.0999999751,-3.6719066986,2,QH
1886062,main,False,4,3,1,12.0022944127,0.0833172213,0.1370245389,2.4,1.6862132971,2.452298488,0.7660851908999999,6.2774086406,12.2572738657,11.5726964783,35.0000005211,0.1673080144,2.008084424678239,0.0999990153,-2.2328451738,2,QH
1886561,main,False,4,3,1,12.0001844887,0.0833319755,0.1370732455,2.6,1.5999062093,2.7370673156,1.1371611063,2.9185171106,3.4446806911,12.9341245794,34.9999986228,0.150001421,1.8000463819557475,0.099999035,-2.6707402481,2,QH
1886940,main,False,4,2,1,11.9999999796,0.0833333334,0.1370778389,1.2,1.2031221223,1.1973049886,-0.005817133699999921,3.3760213284,5.1078092831,8.631338231,16.7365314684,0.1689766372,2.0277196447778243,0.0999997372,-3.0711171065,2,QH
1887887,main,False,4,2,1,12.0000000444,0.0833333332,0.1370778389,1.8,1.669096999,1.8884162001,0.21931920110000003,1.9819290457,2.2767157434,10.32384269,21.971366472,0.253552235,3.0426268248682034,0.1000052907,-3.1861978062,2,QH
1890328,main,False,5,4,1,12.0008759977,0.0833313057,0.1370778389,1.7,1.7386473075,1.6731594283,-0.06548787919999999,5.6376913784,5.6870655044,13.1808449759,35.0000312571,0.1499961396,1.7999974720184901,0.099999595,-1.7563645385,2,QH
1894110,main,False,5,2,1,12.0000184426,0.0833332906,0.1370778389,1.2,1.1665572425,1.2186482715,0.052091029000000066,2.4307299491,3.0883391454,12.9429258726,35.0000079006,0.1499979516,1.7999763422278685,0.0999924286,-2.3019032364,2,QH
1895153,main,False,5,2,1,12.0014186415,0.0833235679,0.1370458536,1.7,1.7398908467,1.6756603791,-0.06423046760000006,4.5640387976,4.9379373607,9.1325316039,24.8359950757,0.1499941965,1.8001413079191968,0.0999988135,-2.1833429107,2,QH
1915192,main,False,4,5,1,7.9999986016,0.1250000073,0.3084251375,1.6,1.5062267725,1.713567304,0.20734053149999987,2.0608201087,2.1877243988,9.992300682,27.1269346663,0.1499989743,1.1999917243204834,0.0999999975,-2.852859997,3,QH
1918463,main,False,4,3,1,7.9999378647,0.1250003236,0.3084251375,1.1,1.0892051691,1.1071303007,0.017925131599999977,2.9463634031,3.9773387926,9.4388337759,17.3674977061,0.1499998418,1.1999956278513189,0.0999989582,-1.9092861631,3,QH
1927455,main,False,5,3,1,8.0000207929,0.1249998917,0.3084251375,1.5,1.477015119,1.5263478668,0.049332747799999854,2.0067750946,2.0720313493,8.6314997459,30.6996102413,0.1499999516,1.200000652480565,0.0999997863,-1.9632210989,3,QH
1944028,main,False,3,4,1,6.0000146194,0.1666662255,0.5483083376,1.7,1.3575721006,1.7735566194,0.4159845188,2.8969630523,3.5981854686,10.5251173308,21.8699513465,0.2313987795,1.3883963520851441,0.099999908,-2.9206149021,4,QH
1946718,main,False,3,3,1,6.0000941411,0.1666634311,0.5482880248,1.3,1.2289411739,1.3962126868,0.16727151289999997,2.612661774,3.0112916736,6.8104097808,11.4115214909,0.2464182089,1.4785379568487713,0.0999997955,-2.2950238671,4,QH
1963264,main,False,5,3,1,6.0000532836,0.1666661733,0.5483113556,1.6,1.5481837476,1.6636281527,0.11544440510000009,1.9454347104,2.0318786711,10.945342735,24.8272588419,0.1499995967,0.9000002443807233,0.0999998489,-2.2590610993,4,QH
1967022,main,False,5,2,1,5.9999639627,0.1666670003,0.5483113556,2.0,1.9815508534,2.0272687602,0.04571790680000021,2.7342032221,4.9849689344,11.3109808977,27.6154692346,0.1499720625,0.8998305737191575,0.0999733019,-1.9577352582,4,QH
1970350,main,False,6,4,1,23.9998519452,0.0416667523,0.0342694597,2.6,2.5467579383,2.5999962662,0.05323832789999994,2.7222360397,4.1317055226,9.4732113331,35.0000011292,0.1499935738,3.5998383728121763,0.0999783678,-1.7164109304,1,QH
1970652,main,False,6,4,1,24.000001068,0.041666666,0.0342694597,2.8,2.7848850859,2.8000003477,0.015115261800000113,3.2350905423,5.6867159543,14.4111662872,35.0000017104,0.1503545334,3.608508859336142,0.0999992412,-3.1708853676,1,QH
1976964,main,False,6,2,1,24.0010809084,0.0416647527,0.0342662806,3.0,2.9566441489,2.9999303764,0.043286227499999885,9.774801654,18.2629623261,13.0585500123,35.0000014944,0.1696942284,4.072848568713574,0.0999994588,-2.5996457366,1,QH
1978818,main,False,6,2,1,24.0039385506,0.0416596234,0.0342577051,4.2,1.8993511734,4.1999793364,2.3006281630000003,6.6529984989,9.7728526463,11.647265824,35.0000163609,0.1499846526,3.6002402412499963,0.0999917495,-1.9775138875,1,QH
1986976,main,False,7,2,1,24.0000688111,0.0416666268,0.0342694597,3.2,3.0720472783,3.19995557,0.1279082917000003,2.9023401142,3.9791201749,10.7898143973,35.0000018488,0.1499832189,3.599600697697947,0.099993805,-2.0852915613,1,QH
1991526,main,False,8,4,1,24.0000972943,0.0416666104,0.0342694597,3.8,3.7895116218,3.8000546387,0.010543016899999813,3.4031932409,4.9926955258,10.519648785,35.0000061784,0.149997934,3.599955277379607,0.0999950127,-2.1926543713,1,QH
1991956,main,False,8,4,1,24.0000274346,0.0416666508,0.0342694597,4.4,3.6295498259,4.4000054714,0.7704556455000002,3.4495099074,4.5265325123,9.2808232047,35.0000051683,0.1499991601,3.5999812132728457,0.0999969911,-2.3813296859,1,QH
2009977,main,False,6,3,1,11.9999904895,0.0833333553,0.1370778389,3.5,2.677936736,3.6153069456,0.9373702096000001,4.5963386202,7.8636523796,12.5541255349,35.0000113051,0.1499984921,1.799981430724895,0.0999979526,-2.1927546834,2,QH
2010788,main,False,6,3,1,12.0000010035,0.083333331,0.1370778389,4.0,2.0891148645,4.0636149467,1.9745000821999996,6.14687507,10.2631991398,12.5380347459,35.0000020778,0.1499976958,1.7999723999992272,0.0999993506,-2.2703039098,2,QH
2012413,main,False,6,2,1,12.0000020435,0.0833333286,0.1370778389,2.9,2.8946970035,2.9034156797,0.008718676199999997,3.5806246098,7.1180178177,13.4868515656,34.9999987644,0.1499443317,1.799332082602062,0.0999995581,-2.5087582724,2,QH
2017994,main,False,7,4,1,12.0000018477,0.0833333291,0.1370778389,4.1,2.95055938,4.1318885441,1.1813291640999997,4.4197458331,7.8335327371,13.1663362925,35.0000038333,0.1499991731,1.7999901686395003,0.0999998719,-2.4887311253,2,QH
2019032,main,False,7,3,1,12.0000512581,0.0833332147,0.1370778389,2.9,2.8685075331,2.9196232606,0.05111572750000004,2.257859799,3.5748312184,12.685523946,34.9999996032,0.1499994529,1.7999959972743016,0.0999997177,-2.3746131834,2,QH
2019788,main,False,7,3,1,12.001025214,0.0833252781,0.1370497998,3.5,3.5,3.5018400217,0.001840021700000083,2.9452144483,4.1552442283,10.7656983595,35.0000485326,0.1499996525,1.8001698394571575,0.0999997179,-1.5033278199,2,QH
2020065,main,False,7,3,1,12.0000559071,0.0833332039,0.1370778389,3.7,3.3888944129,3.748582993,0.3596885800999998,3.7811295184,5.3672255694,12.6927909964,34.9999999903,0.1499999142,1.8000017661627432,0.0999996073,-1.6337007147,2,QH
2020128,main,False,7,3,1,12.0000021367,0.0833333284,0.1370778389,3.7,3.3117527488,3.7070713398,0.3953185910000001,3.4969845401,6.1330264658,11.5144155681,35.0000019322,0.1499999444,1.7999994393599668,0.0999999602,-2.571520597,2,QH
2021274,main,False,7,2,1,12.0010017161,0.0833310147,0.1370778389,2.5,2.406084028,2.5611481486,0.15506412060000008,1.7092134898,2.2036113235,14.607476587,35.0000150597,0.1499987404,1.8000349682529426,0.0999992453,-1.5252868464,2,QH
2021376,main,False,7,2,1,12.0000766854,0.0833331558,0.1370778389,2.5,2.4862915067,2.5096478027,0.023356295999999777,1.6534787398,1.7304268774,12.4516680224,35.0000008462,0.1499991901,1.7999941159074646,0.099999884,-2.4771451403,2,QH
2021653,main,False,7,2,1,12.0037687903,0.0833136784,0.1370238898,2.7,2.6104326361,2.7391970657,0.1287644295999999,2.0567893309,2.7712624856,10.4406972438,34.9999981931,0.1499954704,1.8003702786936366,0.0999944149,-1.6393781241,2,QH
2021966,main,False,7,2,1,12.0000295642,0.0833332649,0.1370778389,2.8,2.7846957274,2.810045409,0.025349681600000284,1.6752888846,1.895299731,11.8636461558,26.6464524914,0.1499999218,1.8000005397604433,0.1000030608,-2.4535095846,2,QH
2039780,main,False,6,5,1,8.0000102481,0.1249999466,0.3084251375,2.7,2.6903788615,2.7263046491,0.03592578759999965,4.0630326066,5.0854441201,13.1144726165,35.0000062094,0.1500025247,1.2000207102488474,0.1000003337,-1.6308857374,3,QH
2042445,main,True,6,4,1,8.0000006372,0.1249999967,0.3084251375,3.3,2.7180594762,3.3156237164,0.5975642402000001,4.2274463217,9.6031603362,9.9168577806,24.7116711291,0.1499999558,1.1999996780799915,0.0999999377,-2.4721766017,3,QH
2044013,main,False,6,3,1,8.0000105395,0.1249999451,0.3084251375,2.5,2.4799510708,2.5185082071,0.03855713630000013,1.8139733093,2.1113268931,13.0020540799,35.0000003866,0.1499990224,1.1999927062367965,0.0999995683,-2.4619786719,3,QH
2048152,main,False,6,2,1,7.9997663467,0.125001217,0.3084251375,3.0,2.9684806977,3.02963375,0.0611530522999999,3.6994997584,7.5233695815,11.0520500289,21.9829605838,0.1499995668,1.1999848513474873,0.0999988665,-1.9233494132,3,QH
2049308,main,False,6,2,1,7.9990171721,0.1250051193,0.3084251375,3.7,2.3615668361,3.734726589,1.3731597529,5.901848339,10.6362374563,8.065924751,19.8679469654,0.1499063591,1.1992017602114315,0.1000539817,-1.8007914005,3,QH
2054331,main,False,7,3,1,8.0042395883,0.1249660455,0.308337184,2.7,2.5469904726,2.8933332317,0.3463427590999997,2.9591020576,4.4682246487,10.8563447459,34.9999978984,0.1500004336,1.200329521509905,0.1000003912,-1.266594167,3,QH
2055869,main,False,7,3,1,7.9999979636,0.1250000106,0.3084251375,3.8,3.2302656894,3.827401399,0.5971357096000003,3.3156301888,5.5780006073,11.6751420781,35.0000021441,0.1499998976,1.199999079040078,0.0999993003,-2.3079504134,3,QH
2079594,main,False,6,3,1,6.0001238161,0.1666655202,0.5483113556,2.5,2.4826421957,2.5303376869,0.04769549119999983,1.9667285245,2.2333606937,12.0500927302,34.9999934436,0.1499999073,0.9000056347587605,0.09999971,-2.0943690965,4,QH
2082959,main,False,6,2,1,6.0000238066,0.1666664462,0.5483113556,2.5,2.4487011744,2.5714306682,0.12272949380000009,1.9887622187,2.4648122274,11.1010370219,20.3739448281,0.1499992319,0.8999965819154785,0.0999982316,-2.1655475037,4,QH
2083148,main,False,6,2,1,6.0000072469,0.1666665996,0.5483113556,2.6,2.5685889548,2.643621085,0.07503213019999988,2.253603032,3.1970867519,14.141862493,34.9941368172,0.1499999948,0.9000003309601333,0.1000001173,-2.4113605176,4,QH
2083582,main,False,6,2,1,6.0004324389,0.1666552344,0.5482380414,2.9,2.8554172574,2.957684562,0.10226730459999978,3.2992419482,6.0793678828,10.5522916317,17.9073734382,0.1499980304,0.900049920064197,0.0999993693,-1.8511414594,4,QH
2091723,main,False,7,3,1,6.0000140208,0.1666665368,0.5483113556,4.0,3.0190904359,4.013881674,0.9947912381000004,3.6972599078,6.7651904369,11.0094516745,32.5512249645,0.14999972,0.8999990212792375,0.0999988793,-1.9459494593,4,QH
2093639,main,False,7,2,1,6.001150478,0.1666560155,0.5483113556,3.1,3.0652961384,3.1520141108,0.08671797240000023,1.9003314928,2.1260962006,11.3529389392,34.9974559333,0.1499992177,0.9000528258759432,0.0999998071,-1.6715608345,4,QH
2103192,main,False,8,2,1,6.0018047191,0.1666440862,0.548253383,3.5,3.4747751176,3.555450284,0.08067516639999983,3.1151014221,4.5160261228,10.4719738938,31.9045940467,0.1500106078,0.9001856064664837,0.1000002007,-1.0925915406,4,QH
2164340,main,False,3,5,1,12.0021254069,0.0833181827,0.1370273529,1.4,1.3340826225,1.447021878,0.11293925549999995,3.2954124478,4.2566866661,13.5107218893,35.0000251866,0.149993991,1.8002551920758587,0.1001712327,-2.2419627242,2,QH
2295266,main,False,2,3,1,12.001183994,0.0833305928,0.1370778389,0.91,0.927687035,0.8923361719,-0.03535086310000002,7.2889693664,10.5237793115,4.030308795,5.3712398909,0.2298852526,2.7587137553640444,0.0999706354,-1.868528569,2,QH
2296519,main,False,2,3,1,11.9999999054,0.0833333336,0.1370778389,0.92,0.9174001167,0.9206349421,0.0032348253999999743,15.5995230845,24.693277793,5.5969964367,7.3808563954,0.2965772509,3.558926999411433,0.1000022124,-3.3774329653,2,QH
2300606,main,False,2,5,1,12.0001368524,0.0833322401,0.1370740073,0.99,0.9959654427,0.9990230149,0.003057572200000025,15.216241765,22.7782265759,11.3880295082,24.6114634546,0.2353125598,2.823787762306896,0.0999995229,-2.431200691,2,QH
2418433,main,False,4,3,1,23.9999997543,0.0416666668,0.0342694597,1.8,1.7508945668,1.8000000304,0.0491054635999999,2.1592063685,2.739673616,10.5748836988,26.4267806909,0.2220053704,5.328128872549987,0.0999999928,-4.27216874,1,QH
2429166,main,False,5,2,1,23.9999999766,0.0416666667,0.0342694597,1.8,1.7949590862,1.799999318,0.005040231800000017,3.5149577014,5.0937164814,11.4974566393,35.0000002993,0.1599088098,3.8378114321297505,0.0999997839,-3.2229811113,1,QH
2439098,main,False,3,5,1,12.0008337711,0.0833275486,0.1370588165,1.8,1.2724954717,1.8511735235,0.5786780517999999,3.6969921568,4.6160204699,13.0667493784,35.0000041852,0.1554568699,1.8656119436111673,0.1002341416,-2.7061734987,2,QH
2439204,main,False,3,5,1,12.0000001016,0.0833333331,0.1370778389,1.8,1.2283245093,1.8178862648,0.5895617555000001,2.9426431567,3.7164122496,8.0216211749,17.5151479003,0.2543201419,3.051841711345157,0.1000117741,-3.907001567,2,QH
2441965,main,False,3,4,1,12.0000000652,0.0833333332,0.1370778389,1.6,1.4073591105,1.6048278038,0.19746869329999983,2.7488921604,3.3769334587,7.8280598564,15.1696412171,0.276104029,3.313248353301197,0.0999999897,-3.9400241458,2,QH
2446153,main,False,3,3,1,12.0009668312,0.0833264985,0.1370551548,2.0,0.9847004026,1.999141631,1.0144412284,4.9379169839,6.188378817,12.590919876,30.5323741405,0.1554826282,1.8659445794425167,0.099999092,-2.5817321297,2,QH
2446213,main,False,3,3,1,11.9999999572,0.0833333334,0.1370778389,2.0,1.1843909865,2.1428694077,0.9584784212000002,3.2404360527,4.1075357849,8.1333859361,14.9482985187,0.2685055496,3.2220665926223466,0.1037540119,-3.3782293937,2,QH
2456247,main,False,4,2,1,11.9999996026,0.0833333343,0.1370778389,1.2,1.2046748895,1.19540657,-0.009268319499999844,3.6039154603,5.5095578216,11.4462174699,29.2588051409,0.1594844044,1.913812830599771,0.0999995903,-2.8013675025,2,QH
2457599,main,False,4,2,1,12.0005529732,0.0833289354,0.1370624529,2.1,1.8044945683,2.3321639091,0.5276693408000002,3.1068109738,4.317736727,9.9253139824,19.9401363471,0.179131866,2.149695842628034,0.0999999987,-2.1132587941,2,QH
2458919,main,False,5,5,1,12.0000002221,0.0833333328,0.1370778389,2.2,2.0315484785,2.3156190364,0.28407055790000024,1.7403126142,1.9459972168,10.9950908796,35.0000005685,0.14999995,1.799999411519996,0.0999999867,-3.224521477,2,QH
2459493,main,False,5,4,1,12.0000024196,0.0833333277,0.1370778389,1.5,1.4816144956,1.5112342971,0.029619801499999987,1.92764603,1.9915378785,13.8056178614,35.0000027213,0.1499999413,1.7999994172799605,0.0999998083,-2.9223994548,2,QH
2460189,main,True,5,4,1,12.0000007828,0.0833333315,0.1370778389,2.3,2.2844909006,2.3098659467,0.025375046100000187,3.8433123773,7.8313521945,13.933562494,35.000001289,0.1499997419,1.799996942399933,0.0999945348,-2.5918934455,2,QH
2461490,main,False,5,3,1,12.0000000952,0.0833333331,0.1370778389,1.6,1.5568559242,1.6273485654,0.07049264119999998,1.8495009784,1.8779631878,13.203928658,35.0000015179,0.1504650191,1.8055802342556246,0.0999999042,-3.3992989164,2,QH
2466648,main,False,2,5,1,7.9999985336,0.1250000076,0.3084251375,1.1,0.9105142805,1.1108915787,0.20037729819999994,5.0979425408,7.2380167996,8.4562957675,15.557797673,0.2148093809,1.7184749427167236,0.0999999386,-2.7232875979,3,QH
2484246,main,False,4,5,1,8.0000006816,0.1249999964,0.3084251375,1.2,1.1947548295,1.2049783066,0.010223477100000045,2.5316658043,3.5719500275,16.6858012759,35.0000008178,0.1499998503,1.1999988369599666,0.0999997194,-3.1496597609,3,QH
2495159,main,False,5,4,1,8.0000195184,0.1249998983,0.3084251375,1.6,1.5827555004,1.6175248843,0.03476938390000006,1.9444509372,2.0143264284,10.807673171,24.4741823891,0.1499999516,1.2000005891204792,0.0999999804,-2.3536825549,3,QH
2495342,main,False,5,4,1,8.0000132441,0.124999931,0.3084251375,1.8,1.7263476918,1.8846811183,0.15833342650000004,1.8409134392,1.9258040756,10.8308659321,35.0000009263,0.1499999026,1.1999998831999357,0.0999989896,-2.62435009,3,QH
2496492,main,False,5,3,1,8.0000772944,0.1249995974,0.3084251375,1.3,1.277464946,1.3236611574,0.046196211399999854,1.9496586212,2.1585594074,12.6610166441,35.0000063328,0.1499957688,1.1999700152634254,0.0999998065,-2.241291528,3,QH
2496793,main,False,5,3,1,8.000030065,0.1249998434,0.3084251375,1.5,1.4490800456,1.557981241,0.1089011954000001,1.9838201836,2.0562189524,8.6449473976,32.6153294792,0.1499999452,1.2000010649613342,0.09999979,-1.9721606273,3,QH
2519993,main,False,4,5,1,6.0000000015,0.1666666667,0.5483113556,1.4,1.3736377613,1.4317394351,0.058101673799999976,2.3392303567,2.6127053777,15.4566338676,35.0000021006,0.1499996718,0.8999980306200005,0.099999906,-3.1021221829,4,QH
2524377,main,False,4,3,1,5.9999386422,0.1666672348,0.5483113556,1.5,1.5235361031,1.4736330506,-0.049903052500000156,4.2900970787,6.4558953308,5.9625472879,10.3444976932,0.1499998297,0.899995910293941,0.0999986722,-1.855118042,4,QH
2534404,main,False,5,2,1,6.0006371775,0.1666607673,0.5483113556,1.1,1.0430841124,1.1547000406,0.11161592819999999,1.9172932983,2.4644923554,9.6851944749,21.4994337515,0.1499995148,0.9000289464045927,0.0999998321,-1.5258690928,4,QH
2597545,main,False,8,1,1,11.9992485551,0.0833350729,0.1370778389,3.3,3.2295783503,3.3443033695,0.11472501919999978,1.2755066527,1.3931337418,4.4849543378,10.0006230213,0.149966405,1.799559294559638,0.099995004,-1.4659732932,2,QH
2598287,main,False,8,1,1,11.9993108943,0.0833255314,0.137031472,3.9,3.6753800775,3.8112002787,0.13582020120000005,1.9958144194,2.6450996431,5.7255981036,10.0001981704,0.1499867553,1.800009586257496,0.099994347,-1.5342499487,2,QH
