case,nfp,coil dist / a,aspect,iota,max elong.,class,ns reached,iterations,fsqr,fsqz,Jacobian resets,delt resets,message
14802,2,1.209142867367314,4.0000000119,0.5,5.767953251,bad_jacobian,8,0,1.0,1.0,0,0,
17263,2,2.0534855819537383,10.000072344,0.8,4.8202050961,bad_jacobian,8,0,1.0,1.0,0,0,
25455,2,1.9113262094482089,5.0000002611,0.6,7.0640069801,bad_jacobian,8,1,5328104.345247587,1370.7058659450502,0,0,
69266,4,2.0546418844408336,10.0000183494,0.4,4.0552677911,bad_jacobian,8,1,839.4170863315064,3878.013768534001,0,0,
134699,1,0.8371986903715306,3.3333338642,0.4,4.502144379,bad_jacobian,8,0,1.0,1.0,0,0,
136030,1,0.7780447143804947,2.8571428419,0.5,5.3761465341,bad_jacobian,8,0,1.0,1.0,0,0,
205887,2,1.168955251253433,5.0000000191,0.8,11.305039326,bad_jacobian,8,0,1.0,1.0,0,0,
220705,3,1.420778661141091,6.6666678967,0.3,3.403948879,bad_jacobian,8,1,33.01420232653913,80.89373571156098,0,0,
221118,3,1.178394240661867,6.666683329,0.4,3.5823213594,bad_jacobian,8,0,1.0,1.0,0,0,
259490,5,3.429822106297662,20.0000143298,0.8,3.0993415007,bad_jacobian,8,1,483.60394945755604,142.32095661678485,0,0,
261318,5,3.14926293888207,10.0000047973,0.2,2.2440215407,bad_jacobian,8,2,49.60604784208737,83.97682265356357,0,0,
263908,5,1.0512730368298056,10.0001397385,0.9,3.7567721112,bad_jacobian,8,0,1.0,1.0,0,0,
635763,3,1.8568054006698165,6.6666664744,0.1,2.3640352415,bad_jacobian,8,2,47.2183295165822,61.88800661470398,0,0,
654082,3,1.4395099960694264,6.6666681808,0.9,7.2895782615,bad_jacobian,8,0,1.0,1.0,0,0,
660970,4,1.4088698221907496,6.6666685935,0.1,2.3255606396,bad_jacobian,8,2,456472464027330.5,1168027749576283.0,0,0,
780110,2,2.0593107099604597,6.6666666548,0.8,10.5544986835,bad_jacobian,8,0,1.0,1.0,0,0,
784312,2,0.7434958438085914,4.0000034895,0.5,4.074320411,bad_jacobian,8,2,319.7814752399268,397.2468870493788,0,0,
819919,4,1.3531038877361208,6.666667977,0.2,3.1914699178,bad_jacobian,8,2,365.1782267517173,835.3915669468174,0,0,
831841,4,1.4808996926216216,5.0008310671,0.6,2.6458317786,bad_jacobian,8,0,1.0,1.0,0,0,
890144,2,1.7178763832444215,4.9999998283,0.7,7.5770889117,bad_jacobian,8,0,1.0,1.0,0,0,
916448,3,2.9735463728677316,10.0000001474,0.3,2.8320409529,bad_jacobian,8,1,218.70442379029635,49.266024355038674,0,0,
919739,3,1.7828126529885877,6.6666726581,0.6,4.5321892125,bad_jacobian,8,0,1.0,1.0,0,0,
929630,3,1.4624219155901657,6.6666713155,0.7,4.5598547919,bad_jacobian,8,0,1.0,1.0,0,0,
942782,4,2.081384362145878,10.0000144367,0.4,3.5590713032,bad_jacobian,8,1,56.959538286007586,163.87776483493997,0,0,
1044881,2,1.0040368810286404,3.3333342294,0.4,5.2961319449,bad_jacobian,8,0,1.0,1.0,0,0,
1046673,2,0.5915599221983826,3.333285865,0.6,7.3089463584,bad_jacobian,8,0,1.0,1.0,0,0,
1072451,3,1.7982075433961633,6.6666674587,0.1,2.5978088378,bad_jacobian,8,2,36.826381589569415,66.17956755862447,0,0,
1088047,3,1.554790880748543,6.6666684044,0.7,4.9274486298,bad_jacobian,8,0,1.0,1.0,0,0,
1088372,3,0.6533361297239124,3.3342895284,0.7,6.7724666485,bad_jacobian,8,0,1.0,1.0,0,0,
1335043,3,1.2008689740751337,7.9999998743,1.7,14.9279284239,bad_jacobian,8,0,1.0,1.0,0,0,
1611132,5,1.7999909800825833,11.9999896749,2.0,8.3326579506,bad_jacobian,8,0,1.0,1.0,0,0,
1661665,3,0.961003196796056,5.9999980672,1.1,8.1771795744,bad_jacobian,8,0,1.0,1.0,0,0,
1681907,5,0.8999983674607096,5.9999921821,1.8,3.7488021094,bad_jacobian,8,0,1.0,1.0,0,0,
1849177,4,3.5999965175999447,24.0000011106,1.8,15.2559108192,bad_jacobian,8,0,1.0,1.0,0,0,
1849970,4,3.599939340960631,23.9999992474,2.2,11.6959127482,bad_jacobian,8,0,1.0,1.0,0,0,
1861414,5,3.597982062216861,23.9999837676,2.6,9.5289462964,bad_jacobian,8,0,1.0,1.0,0,0,
1886062,4,2.008084424678239,12.0022944127,2.4,12.2572738657,bad_jacobian,8,0,1.0,1.0,0,0,
1967022,5,0.8998305737191575,5.9999639627,2.0,4.9849689344,bad_jacobian,8,0,1.0,1.0,0,0,
1978818,6,3.6002402412499963,24.0039385506,4.2,9.7728526463,bad_jacobian,8,0,1.0,1.0,0,0,
2009977,6,1.799981430724895,11.9999904895,3.5,7.8636523796,bad_jacobian,8,0,1.0,1.0,0,0,
2010788,6,1.7999723999992272,12.0000010035,4.0,10.2631991398,bad_jacobian,8,0,1.0,1.0,0,0,
2012413,6,1.799332082602062,12.0000020435,2.9,7.1180178177,bad_jacobian,8,0,1.0,1.0,0,0,
2017994,7,1.7999901686395003,12.0000018477,4.1,7.8335327371,bad_jacobian,8,0,1.0,1.0,0,0,
2039780,6,1.2000207102488474,8.0000102481,2.7,5.0854441201,bad_jacobian,8,0,1.0,1.0,0,0,
2042445,6,1.1999996780799915,8.0000006372,3.3,9.6031603362,bad_jacobian,8,0,1.0,1.0,0,0,
2048152,6,1.1999848513474871,7.9997663467,3.0,7.5233695815,bad_jacobian,8,0,1.0,1.0,0,0,
2049308,6,1.1992017602114315,7.9990171721,3.7,10.6362374563,bad_jacobian,8,0,1.0,1.0,0,0,
2055869,7,1.199999079040078,7.9999979636,3.8,5.5780006073,bad_jacobian,8,0,1.0,1.0,0,0,
2091723,7,0.8999990212792375,6.0000140208,4.0,6.7651904369,bad_jacobian,8,0,1.0,1.0,0,0,
2093639,7,0.9000528258759432,6.001150478,3.1,2.1260962006,bad_jacobian,8,0,1.0,1.0,0,0,
2296519,2,3.558926999411433,11.9999999054,0.92,24.693277793,bad_jacobian,8,0,1.0,1.0,0,0,
2460189,5,1.799996942399933,12.0000007828,2.3,7.8313521945,bad_jacobian,8,1,3158.9038953891095,3974.1363428243344,0,0,
2524377,4,0.899995910293941,5.9999386422,1.5,6.4558953308,bad_jacobian,8,0,1.0,1.0,0,0,
19493,2,0.8798022765435491,3.3333328159,0.1,1.9086728335,jacobian_75_times,8,249,1.641209721437818,3.037170197210836,74,2,
19609,2,2.2627001238248665,6.6666666488,0.1,2.6657270621,jacobian_75_times,8,306,0.0039108104764006375,0.009985837214089303,36,2,
50136,3,1.4422977773201098,6.6666674797,0.1,3.1648524855,jacobian_75_times,8,363,0.0021841731191689353,0.005140267937799709,71,2,
123355,1,1.0536554917317225,9.9999998547,0.2,4.3998305392,jacobian_75_times,8,816,2.3278064762912754e-07,4.7347160241102236e-08,2,2,
133477,1,3.2919966492919968,10.0000000331,0.3,3.9740659813,jacobian_75_times,16,2089,2.953219367768632e-07,9.52335649981865e-08,2,2,
133813,1,3.4089999213640003,9.9999998862,0.3,5.2629034448,jacobian_75_times,8,840,2.046030428094984e-06,4.5529908509244006e-07,1,2,
134884,1,3.0094594059905404,9.9999999586,0.4,4.4009906768,jacobian_75_times,31,3318,1.663364459619334e-07,5.521300098029636e-08,3,2,
136101,1,7.505789072677308,20.0000817754,0.5,5.2042981451,jacobian_75_times,8,782,4.250168024248824e-08,2.9270361304996612e-08,1,2,
137369,1,3.649328525701343,9.9999999534,0.6,6.8819047452,jacobian_75_times,8,573,0.014981602658068888,0.02205160217116449,65,2,
142814,1,6.657941812,20.0000000051,0.3,2.9503156658,jacobian_75_times,8,228,0.6956618529230285,1.0872922048280016,1,2,
143276,1,6.424708453150584,19.9999999342,0.3,2.8049692073,jacobian_75_times,8,1227,1.3739531329914069e-08,6.27073187439181e-08,3,2,
146966,1,3.503376291257216,9.9999934107,0.7,8.9846797863,jacobian_75_times,31,4690,0.011909007288630952,0.010263076260132002,80,2,
152853,1,3.029467506793728,9.9999997759,0.6,5.4703723499,jacobian_75_times,16,3215,1.7706587391182246e-05,1.6985791352078082e-05,6,2,
153351,1,0.723094958562407,6.6666761619,0.6,6.7563308877,jacobian_75_times,31,3697,9.930455078746974e-09,6.482918874623405e-08,8,2,
164332,1,2.2576305519999997,20.0000000171,0.3,3.0638666277,jacobian_75_times,8,780,1.943518887327351e-05,1.8753245138387906e-05,1,2,
164339,1,2.9687831339999997,19.9999999963,0.3,4.1175981634,jacobian_75_times,8,621,6.367575998087871e-07,4.1330664226103357e-07,2,2,
164340,1,1.0704265629999998,10.0000000074,0.3,4.147488575,jacobian_75_times,8,1990,1.3442537081305327e-08,3.140781563514826e-09,2,2,
164563,1,2.3304992058272704,20.0000424476,0.4,4.1794091682,jacobian_75_times,16,3472,0.005606879011462165,0.003907151762837919,1,4,
164585,1,1.319762361,9.9999999958,0.4,4.2934526779,jacobian_75_times,16,2503,1.1223828060856052e-07,3.604237598816362e-07,3,2,
165868,1,1.0819534855,5.0000000015,0.1,4.6904823649,jacobian_75_times,8,514,0.0815438748540075,0.04577732546888927,68,2,
166370,1,1.0026695339999998,10.0000000088,0.4,4.2899977421,jacobian_75_times,8,1159,1.8076691163521604e-08,8.208385583329993e-07,3,2,
166693,1,0.6842276604445502,6.6667849759,0.6,5.7993800468,jacobian_75_times,8,272,49.2934782579835,64.13412528803491,51,2,
184835,2,7.730767422,20.0000000372,0.7,10.508620099,jacobian_75_times,8,364,0.01388645422774488,0.007845276411209062,64,2,
251827,5,1.204001755319725,6.6666939169,0.1,2.4081856302,jacobian_75_times,8,348,452.4801062232796,853.5861772142168,69,2,
259094,5,0.7460733424032823,5.002281152,0.8,2.6540876861,jacobian_75_times,8,134,45.715762443953885,14.018395928580768,73,2,
262501,5,3.622328571591787,10.0000586853,0.5,2.434200264,jacobian_75_times,16,2184,0.003079774224259743,0.0040851371993409795,88,3,
306992,1,6.486173862359453,20.0011704251,0.5,13.5573935245,jacobian_75_times,8,265,0.006954789755946685,0.013353812615645696,67,2,
579383,2,5.923651520805746,20.0007068109,0.9,9.5814045535,jacobian_75_times,8,1768,0.0001597500558634437,0.0001475426240723999,19,2,
645138,3,0.7300664937654583,4.0000024289,0.1,4.8297195768,jacobian_75_times,8,389,0.005103156263881097,0.0032734080424594407,70,2,
828730,4,2.870329876887917,20.000001409,0.2,2.0112003484,jacobian_75_times,16,2918,1.2168880455847516e-05,1.5585747404069743e-05,14,2,
962269,2,3.7377310153773102,20.000000554,0.9,4.7328770764,jacobian_75_times,16,3649,5.4262058079597385e-09,4.5252716822526885e-08,24,3,
1041330,2,1.6514913075698627,4.9999989439,0.1,1.9517147832,jacobian_75_times,8,1298,0.0009988413240209948,0.0004957841641496413,12,2,
1043666,2,3.743557075025772,9.9999998704,0.3,5.5196342065,jacobian_75_times,8,141,0.08113495065494815,0.12723962055118904,73,2,
1056496,2,2.0718268978962904,20.0011142135,0.6,6.9636126895,jacobian_75_times,8,1906,0.00014928829334695865,0.00016256623273654288,5,2,
1058814,2,3.4919842554919844,10.0000000243,0.8,10.4423303596,jacobian_75_times,16,3765,9.606189035552664e-06,4.683875456622386e-06,14,2,
1084391,3,4.929615507436925,20.0000004546,0.4,2.5336507677,jacobian_75_times,8,382,0.0013373147649494979,0.0012378508736533213,66,2,
1295342,4,2.0188402106976024,12.000900674,1.9,2.743597538,jacobian_75_times,8,188,2.905147740405077,3.5407213038605927,73,2,
1329159,4,1.2082026247015685,7.9999997054,1.9,2.1560340196,jacobian_75_times,8,238,1.887161661248944,0.9021870289075045,74,2,
1586853,3,1.7999856376804078,11.9999989584,1.2,10.6780917511,jacobian_75_times,8,422,6.171923052571477e-05,3.892231139759527e-05,8,2,
1639254,4,1.7255087644001932,8.000010391,2.1,2.3536555672,jacobian_75_times,8,306,664.7214056175736,402.57174594040123,69,2,
1682551,5,0.9000425160948409,6.0002407396,2.1,2.4142368595,jacobian_75_times,8,199,4.075033324741091,3.6571748151609946,73,2,
1743713,4,1.8004734438702996,12.0032181935,2.4,2.990632226,jacobian_75_times,16,2224,2.306338109033246,0.6097555830974882,95,2,
1751380,5,1.800367967550749,12.0023021282,2.6,6.9802009839,jacobian_75_times,8,96,23.804065391654355,12.036409174120312,75,2,
1862319,2,2.4132452003131055,11.9999984703,1.4,11.3881842237,jacobian_75_times,8,723,0.002335347204203721,0.002557236097209841,9,2,
1885485,4,3.3005721024022883,12.0000001435,2.1,2.223394706,jacobian_75_times,8,201,2.4876452332519547,1.2815438424319459,73,2,
1887887,4,3.0426268248682034,12.0000000444,1.8,2.2767157434,jacobian_75_times,8,164,0.8550857358485487,0.5947707970098488,73,2,
1991526,8,3.599955277379607,24.0000972943,3.8,4.9926955258,jacobian_75_times,8,225,8.181220205239532,21.69210100237736,71,2,
2466648,2,1.7184749427167236,7.9999985336,1.1,7.2380167996,jacobian_75_times,8,285,100.60540474052243,19.236126426369196,71,2,
2534404,5,0.9000289464045927,6.0006371775,1.1,2.4644923554,jacobian_75_times,8,172,0.7304667643830094,0.47382093115105817,73,2,
108654,1,7.204657240772057,19.999999652,0.6,9.4947698376,max_iter_oscillating,31,6082,0.00023426186215941337,8.975829276961857e-05,7,3,
112718,1,1.320505570887304,3.9999997934,0.1,3.1179282323,max_iter_oscillating,31,6000,7.251839232280376e-06,1.5180531256636467e-06,5,0,
123354,1,2.556122457377726,20.0004214859,0.2,2.3208570614,max_iter_oscillating,8,8,2.851489219450775,3.594087779265157,0,0,
126505,1,3.4118356534362957,10.0000965622,0.5,5.7688075028,max_iter_oscillating,31,6000,0.0006920211666069786,0.0006055237388595079,5,0,
127598,1,2.2298913061532613,6.6666666755,0.6,7.4513449929,max_iter_oscillating,31,6055,7.878499466722472e-05,0.0001384889149097918,8,2,
152839,1,2.816892586,9.9999999961,0.6,6.26811772,max_iter_oscillating,31,6026,7.021006020357362e-05,1.8912980075842112e-05,9,1,
157305,1,3.013637275,10.0000000039,0.4,4.6217555512,max_iter_oscillating,31,6000,5.744766730592664e-06,7.034337657053592e-07,6,0,
157934,1,2.6196596373861185,20.0001312389,0.5,5.2713984872,max_iter_oscillating,31,6026,0.00015593034037700743,0.00011743960324070869,3,1,
818536,4,0.5729865243346868,3.3335005379,0.1,1.6602200752,max_iter_oscillating,8,153,3.625636614838381,3.0563217214308747,10,0,
1470554,2,1.200002197280058,8.000000626,1.2,7.9155110249,max_iter_oscillating,31,6116,3.090997377896119e-07,1.5418477488675268e-07,8,4,
1656655,3,0.900011742238046,5.9999970024,2.0,5.2087576564,max_iter_oscillating,31,6000,5.851438952633971e-08,3.2590898492342286e-08,8,0,
1851646,4,4.2774950455120155,23.9999996913,1.4,5.4971270253,max_iter_oscillating,31,6060,0.0019018072311870302,0.005076449877055691,9,2,
2020128,7,1.7999994393599668,12.0000021367,3.7,6.1330264658,max_iter_oscillating,8,134,10.833925260050028,10.08967152844935,10,0,
219699,3,0.7194767059156856,4.0000037674,0.2,3.1810314559,max_iter_slow,8,118,0.000572995193668785,0.0003948016743782934,13,0,
819202,4,0.473057079086756,2.8572036404,0.1,3.3419584177,max_iter_slow,8,114,0.0006399533650530157,0.0003560018302919596,13,0,
1572277,5,3.599415034292234,24.002068052,1.9,7.2729176131,max_iter_slow,16,3383,7.047859870800358e-05,0.0016675109223362153,7,1,
2083582,6,0.900049920064197,6.0004324389,2.9,6.0793678828,max_iter_slow,8,91,0.0002152473982758852,0.00037050145159773064,4,0,
23786,2,6.494208892804341,20.0000659586,0.5,6.6657084641,max_iter_stalled,31,6027,0.020156910951663724,0.01690846871780385,9,1,
105337,1,3.371317730915505,9.9999996773,0.3,9.9173229369,max_iter_stalled,31,6054,0.0012088867160056909,0.0008754394453368905,3,2,
133413,1,6.44482384,19.9999999459,0.3,3.4377358689,max_iter_stalled,31,6083,0.006703579065838061,0.005383179573117505,3,3,
134722,1,7.881132795780913,20.0003084379,0.4,3.8345946349,max_iter_stalled,31,6000,0.05254538388190526,0.0755422191094084,12,0,
145866,1,7.257668509116734,20.0011945217,0.6,6.4297660668,max_iter_stalled,31,6000,0.014174172647779244,0.006071370627902011,10,0,
162626,1,1.7491171853333332,6.6666666679,0.7,8.9978309204,max_iter_stalled,31,6035,0.0874538395635755,0.03775206684993333,17,1,
167381,1,0.8322226972,3.9999999978,0.1,5.8583261244,max_iter_stalled,31,6030,1.0163563129920465e-06,1.0680005040390329e-07,3,1,
205948,2,3.0480946239865867,10.0004432963,0.8,12.1179329402,max_iter_stalled,31,6000,0.0038116792644626953,0.0025808337231018183,10,0,
336902,1,0.6680763018103293,2.8571428631,0.1,3.318332619,max_iter_stalled,31,6000,0.006206752702126505,0.0026829911569489955,28,0,
892673,2,0.8203422949885902,3.3333329997,0.1,1.9204483812,max_iter_stalled,31,6093,0.012945524332282802,0.005173196733080143,50,2,
1551003,3,3.604733788316213,23.9999998782,1.1,15.0896475706,max_iter_stalled,31,6070,0.14032555436893696,0.17474174572082826,49,1,
1709131,4,3.622092352302326,23.9999999704,1.3,7.5405173525,max_iter_stalled,31,6054,9.438450688040082e-05,3.58706609789088e-05,2,2,
1714834,5,3.7319800740604703,24.0001862185,2.0,7.9873114756,max_iter_stalled,31,6000,7.480767566572904e-07,4.1686877653497405e-07,7,0,
2295266,2,2.7587137553640444,12.001183994,0.91,10.5237793115,max_iter_stalled,31,6000,0.07674292558149855,0.06070294192551962,6,0,
234994,4,0.7079113329534594,4.0001193328,0.2,2.2449259776,vacuum_grid_exceeded,8,1057,0.011906462874094288,0.013591830323520114,35,2,
